source_stop_id,target_stop_id,weight,type
68075aa0-144c-4f6e-93ef-e93dfc35df78,a12cff7f-91e5-4f1e-be40-1a9b34ae792a,87.07,BUS
a12cff7f-91e5-4f1e-be40-1a9b34ae792a,1a1ee974-5091-4fa7-96a2-0c2508892aa3,87.07,BUS
1a1ee974-5091-4fa7-96a2-0c2508892aa3,538ab00b-ee39-44e8-b5a4-62c2c6215bf6,47.07,BUS
538ab00b-ee39-44e8-b5a4-62c2c6215bf6,1dc99fbb-5496-4aab-a4b6-32e653ccc789,128.12,BUS
1dc99fbb-5496-4aab-a4b6-32e653ccc789,51dbf10f-cf3b-4575-a8cc-d1080c1f9dde,148.12,BUS
51dbf10f-cf3b-4575-a8cc-d1080c1f9dde,7c166e7c-6fe0-44bd-b124-0013473f227a,81.8,BUS
7c166e7c-6fe0-44bd-b124-0013473f227a,58cd6196-8ac4-4803-be8b-1c0d2fb52528,103.91,BUS
58cd6196-8ac4-4803-be8b-1c0d2fb52528,48507e1a-32df-4552-9448-3b345760b75f,72.33,BUS
48507e1a-32df-4552-9448-3b345760b75f,7310c006-62b8-4f94-bb9c-d5c26cb3faad,117.19,BUS
7310c006-62b8-4f94-bb9c-d5c26cb3faad,66a82f60-b1d1-4251-a715-178300014f18,92.65,BUS
66a82f60-b1d1-4251-a715-178300014f18,16d19639-a788-4df6-a168-6f8c3652ded7,164.96,BUS
16d19639-a788-4df6-a168-6f8c3652ded7,59d96e2c-3ee3-4581-840a-3ddaf0003743,92.33,BUS
59d96e2c-3ee3-4581-840a-3ddaf0003743,d119c3e9-7f2c-4d40-97a4-ccc6b4bb2951,88.12,BUS
d119c3e9-7f2c-4d40-97a4-ccc6b4bb2951,379bc761-04b5-4227-be76-3b870fe3e69f,99.7,BUS
379bc761-04b5-4227-be76-3b870fe3e69f,7fa32ea0-e884-435a-a81c-51bbd5cedf3e,121.44,BUS
7fa32ea0-e884-435a-a81c-51bbd5cedf3e,7a52a73a-cc0e-4c61-b9bc-306157727e1c,94.29,BUS
7a52a73a-cc0e-4c61-b9bc-306157727e1c,fac22b83-1bc0-4c12-8533-485b115409ef,156.19,BUS
fac22b83-1bc0-4c12-8533-485b115409ef,3429cda2-6047-453c-bf54-952dfa6674c0,117.61,BUS
3429cda2-6047-453c-bf54-952dfa6674c0,95eee7e8-237d-4410-a9bf-00c6f88129c1,163.91,BUS
95eee7e8-237d-4410-a9bf-00c6f88129c1,fa96d420-d1af-4ad0-bf6a-4544deb1c5eb,119.7,BUS
fa96d420-d1af-4ad0-bf6a-4544deb1c5eb,ecc4ae87-ae08-4b94-995c-452fdd94df7f,112.33,BUS
ecc4ae87-ae08-4b94-995c-452fdd94df7f,6182f8e8-c45e-4606-b4a4-d909bd44d2cc,106.0,BUS
6182f8e8-c45e-4606-b4a4-d909bd44d2cc,25ad5579-f6a0-4f35-a0c9-0678b41e9dde,77.81,BUS
25ad5579-f6a0-4f35-a0c9-0678b41e9dde,fef200e9-4d98-425b-ab14-8110e2aa85d7,120.89,BUS
fef200e9-4d98-425b-ab14-8110e2aa85d7,5d7f28a6-2a2a-4333-aa06-48edfb652f86,75.8,BUS
5d7f28a6-2a2a-4333-aa06-48edfb652f86,6efecef0-52ba-4a47-9991-9bab5ce31340,67.98,BUS
6efecef0-52ba-4a47-9991-9bab5ce31340,295616c0-387b-4f60-a337-7743cd6be04e,108.86,BUS
295616c0-387b-4f60-a337-7743cd6be04e,8512e1be-4637-483b-a3e6-78ccc6d2c5b1,331.43,BUS
8512e1be-4637-483b-a3e6-78ccc6d2c5b1,d8289ab1-f65d-4b3d-8b4b-55ada004f023,109.42,BUS
c0ff37c8-ac6c-4284-ad32-0ad29fd30dc2,ea9d5fa9-af5a-4d39-96fd-626415048511,129.58,BUS
ea9d5fa9-af5a-4d39-96fd-626415048511,05643914-8ff7-4064-8737-2761d44a083f,210.76,BUS
05643914-8ff7-4064-8737-2761d44a083f,2b223d0c-f8ec-4970-815c-bfe26c3ffc09,110.04,BUS
2b223d0c-f8ec-4970-815c-bfe26c3ffc09,d987aa3a-ae4a-42f6-bc9b-79c41dcf055a,81.81,BUS
d987aa3a-ae4a-42f6-bc9b-79c41dcf055a,8589e5d1-21b4-4210-ad7a-4bf91f9a715d,165.71,BUS
8589e5d1-21b4-4210-ad7a-4bf91f9a715d,727cab27-5e8e-4c5e-ba27-449822a45ee7,195.92,BUS
727cab27-5e8e-4c5e-ba27-449822a45ee7,9a1c4c65-df77-481f-87ad-56143f02a864,196.75,BUS
9a1c4c65-df77-481f-87ad-56143f02a864,48b163cd-b819-4849-aee1-8b1da77657ab,129.3,BUS
48b163cd-b819-4849-aee1-8b1da77657ab,5ddf10c0-90a5-4dbf-992c-23c0505674aa,62.89,BUS
5ddf10c0-90a5-4dbf-992c-23c0505674aa,df63651e-45ab-4487-9429-9e604415b35c,67.64,BUS
df63651e-45ab-4487-9429-9e604415b35c,9807573b-8821-40e4-b891-a5cea6e23b3d,67.54,BUS
9807573b-8821-40e4-b891-a5cea6e23b3d,77c4dfcc-1122-4896-9983-8a5bd11320de,76.4,BUS
77c4dfcc-1122-4896-9983-8a5bd11320de,af2956ba-d922-4ec4-bfa7-b623c29e8b3e,83.24,BUS
af2956ba-d922-4ec4-bfa7-b623c29e8b3e,11d74c00-da13-4cad-883e-c6dcf8edcbe8,109.82,BUS
11d74c00-da13-4cad-883e-c6dcf8edcbe8,484b5c91-1220-43ba-af79-84e712fcc46b,148.07,BUS
484b5c91-1220-43ba-af79-84e712fcc46b,9afb36ea-c2ae-4bbb-9644-3a6c65bb1c7d,94.84,BUS
9afb36ea-c2ae-4bbb-9644-3a6c65bb1c7d,98fa3880-5936-4ec8-ba04-39c7ff9a0e6a,138.8,BUS
98fa3880-5936-4ec8-ba04-39c7ff9a0e6a,7484317c-269f-425f-8118-23eedab4e5f1,83.4,BUS
7484317c-269f-425f-8118-23eedab4e5f1,c87db9be-1fba-4102-a743-0ee4317dd5af,435.92,BUS
2838f674-f6e9-4eb5-a99c-1d0ac7903ca1,7fad8003-fb10-489d-bf8d-6d433310ad90,272.04,BUS
7fad8003-fb10-489d-bf8d-6d433310ad90,59faa0f0-34b1-47cd-ba3a-3b6f0d684c00,62.19,BUS
59faa0f0-34b1-47cd-ba3a-3b6f0d684c00,f2b27cbd-5207-4281-8f67-6369d0c50a9b,99.04,BUS
f2b27cbd-5207-4281-8f67-6369d0c50a9b,7ad774b6-172a-401b-b186-358aa2d560a2,65.93,BUS
7ad774b6-172a-401b-b186-358aa2d560a2,a0e0a21b-b8ce-4d76-bbc2-04e179367fee,71.93,BUS
a0e0a21b-b8ce-4d76-bbc2-04e179367fee,7ea32e84-b8d9-498b-9f03-5a66990012b9,166.81,BUS
7ea32e84-b8d9-498b-9f03-5a66990012b9,813b7c8c-5236-405a-bb0d-092a5d93c2a6,83.74,BUS
813b7c8c-5236-405a-bb0d-092a5d93c2a6,223f660b-c391-4120-bf3c-7bf06781686b,114.2,BUS
223f660b-c391-4120-bf3c-7bf06781686b,7fa32ea0-e884-435a-a81c-51bbd5cedf3e,118.81,BUS
3429cda2-6047-453c-bf54-952dfa6674c0,aa42017d-812a-4175-bc9b-0fec03b18931,180.35,BUS
aa42017d-812a-4175-bc9b-0fec03b18931,48e907fd-e868-47cd-8cac-74c7d4582944,73.43,BUS
48e907fd-e868-47cd-8cac-74c7d4582944,b829062a-2644-4350-b998-74522d9e85d8,113.27,BUS
b829062a-2644-4350-b998-74522d9e85d8,6182f8e8-c45e-4606-b4a4-d909bd44d2cc,155.74,BUS
295616c0-387b-4f60-a337-7743cd6be04e,7eb88e01-82e9-4af4-84d0-69c6ea9dc82c,216.37,BUS
7eb88e01-82e9-4af4-84d0-69c6ea9dc82c,f1bc11ca-7516-447a-b826-7051c5306af7,130.38,BUS
f1bc11ca-7516-447a-b826-7051c5306af7,712ee105-4fab-498a-af5c-496ca9830f5f,162.01,BUS
712ee105-4fab-498a-af5c-496ca9830f5f,bd1a0fbd-1593-4552-a76f-681c59333d6b,126.2,BUS
bd1a0fbd-1593-4552-a76f-681c59333d6b,1b3ddeca-a066-43ee-9ae5-8339628129c2,119.74,BUS
1b3ddeca-a066-43ee-9ae5-8339628129c2,c2827897-b9fe-4bfc-b4ed-880f11a2359e,194.51,BUS
a719a87c-4e93-4387-a6d1-2631a487f7e0,b905ae6a-f1e1-4057-8923-481902ed5a8e,74.19,BUS
b905ae6a-f1e1-4057-8923-481902ed5a8e,4062cd22-b67a-4235-9980-0178b7add592,98.27,BUS
4062cd22-b67a-4235-9980-0178b7add592,bea274aa-277a-403d-ab2f-a0342b28882e,126.1,BUS
bea274aa-277a-403d-ab2f-a0342b28882e,a378ce5e-57ce-4c52-b219-568674b5cd5e,74.11,BUS
a378ce5e-57ce-4c52-b219-568674b5cd5e,8f56b058-1ae3-44f5-8600-4330f2264d78,93.45,BUS
8f56b058-1ae3-44f5-8600-4330f2264d78,f1d7dbc8-d84b-4550-a3bd-e4748a677e9d,90.67,BUS
f1d7dbc8-d84b-4550-a3bd-e4748a677e9d,294c40c4-18e4-4d92-a947-911a8623de89,128.17,BUS
294c40c4-18e4-4d92-a947-911a8623de89,cce39cbe-6961-433a-a787-64fbf602f470,145.04,BUS
cce39cbe-6961-433a-a787-64fbf602f470,baab981f-b707-4b2e-8291-6175f7ceb255,99.11,BUS
baab981f-b707-4b2e-8291-6175f7ceb255,d861c2ce-106a-4b95-a4fc-2af355c0bbf0,83.17,BUS
d861c2ce-106a-4b95-a4fc-2af355c0bbf0,1ceecd12-b005-4828-ad39-8f2aeb1ca228,73.79,BUS
1ceecd12-b005-4828-ad39-8f2aeb1ca228,785ad018-d0fe-4628-b188-15f6dc71b38e,82.23,BUS
785ad018-d0fe-4628-b188-15f6dc71b38e,845b482b-dba1-4313-a476-e772691689cf,164.46,BUS
845b482b-dba1-4313-a476-e772691689cf,5be3b187-5735-4444-bee7-0665f60e6c83,74.46,BUS
5be3b187-5735-4444-bee7-0665f60e6c83,98a75a4c-0ef8-4efa-8f0a-384fe8eafce0,100.71,BUS
98a75a4c-0ef8-4efa-8f0a-384fe8eafce0,34ead609-4331-48ab-8e82-52dd70da9832,380.09,BUS
34ead609-4331-48ab-8e82-52dd70da9832,ab987eb0-c970-4577-8db9-0cd507a6cab6,117.59,BUS
ab987eb0-c970-4577-8db9-0cd507a6cab6,1d7af067-e43b-4a98-953c-75f1b267d9ce,177.59,BUS
1d7af067-e43b-4a98-953c-75f1b267d9ce,66943a7c-28b4-40a6-a996-21aa0b968435,140.09,BUS
66943a7c-28b4-40a6-a996-21aa0b968435,08506f21-8675-4972-a359-ba9412a1da49,128.84,BUS
08506f21-8675-4972-a359-ba9412a1da49,53806659-b339-4e68-af4a-4325c16b6026,123.21,BUS
53806659-b339-4e68-af4a-4325c16b6026,041e08cc-b1bd-4f2c-aa4e-a9aaf2837a28,111.96,BUS
041e08cc-b1bd-4f2c-aa4e-a9aaf2837a28,53f8224f-99e5-4c34-9f77-3621bbe9ce99,111.96,BUS
7484317c-269f-425f-8118-23eedab4e5f1,16578e36-c682-4083-bd29-4973445dc0fe,188.75,BUS
16578e36-c682-4083-bd29-4973445dc0fe,a719a87c-4e93-4387-a6d1-2631a487f7e0,83.61,BUS
4062cd22-b67a-4235-9980-0178b7add592,087e50b6-7677-4a85-802f-5694266fe38b,112.43,BUS
087e50b6-7677-4a85-802f-5694266fe38b,e66e813a-722d-40f8-9ee9-1470d07bc200,115.95,BUS
e66e813a-722d-40f8-9ee9-1470d07bc200,ef91fd44-5651-4fd4-b6f8-619fdef9da7b,66.96,BUS
ef91fd44-5651-4fd4-b6f8-619fdef9da7b,67d66d40-e8ba-4bc0-a9cf-814dce3ccbea,144.98,BUS
67d66d40-e8ba-4bc0-a9cf-814dce3ccbea,d9a82add-03d0-47d8-9f35-117b7a5ded44,48.41,BUS
d9a82add-03d0-47d8-9f35-117b7a5ded44,339ec74c-f45b-4f23-98b8-7ac67486ff6d,137.55,BUS
339ec74c-f45b-4f23-98b8-7ac67486ff6d,e3b51371-e289-45ef-83ca-1f4ffff25162,98.69,BUS
e3b51371-e289-45ef-83ca-1f4ffff25162,35dbaf26-2fa4-45c4-87fc-81d1ff13b005,75.27,BUS
35dbaf26-2fa4-45c4-87fc-81d1ff13b005,21a5f1e3-8ac0-4023-95ca-0a3ff54099aa,113.05,BUS
21a5f1e3-8ac0-4023-95ca-0a3ff54099aa,717c914e-f928-4671-95f6-26c1ddb95799,107.95,BUS
717c914e-f928-4671-95f6-26c1ddb95799,47283e27-c588-411c-9303-30a6f0beeaef,68.43,BUS
47283e27-c588-411c-9303-30a6f0beeaef,769b7bc7-4f95-4bb2-9c99-37ba8e8b4bd5,145.88,BUS
505865ea-cdea-4042-bdb2-b2f4f03889cb,c124f317-217b-4b89-9597-393843de4f81,83.03,BUS
c124f317-217b-4b89-9597-393843de4f81,ef31a8be-b01d-44cd-95cf-3db8e918af26,113.87,BUS
ef31a8be-b01d-44cd-95cf-3db8e918af26,81f21fc1-3bd2-4d2a-b563-2d063479c68e,110.18,BUS
81f21fc1-3bd2-4d2a-b563-2d063479c68e,55f1ae46-11e5-4270-991f-f09dae6c58bf,76.76,BUS
55f1ae46-11e5-4270-991f-f09dae6c58bf,6bc92f4c-414c-456b-9150-d58a7689d26e,126.91,BUS
6bc92f4c-414c-456b-9150-d58a7689d26e,ee837fd9-7a5c-4f14-bbd7-a46f14eb07c5,132.28,BUS
ee837fd9-7a5c-4f14-bbd7-a46f14eb07c5,923bd774-0651-4e0a-8624-3acfb7ecd5ff,128.7,BUS
923bd774-0651-4e0a-8624-3acfb7ecd5ff,aa42017d-812a-4175-bc9b-0fec03b18931,118.72,BUS
aa42017d-812a-4175-bc9b-0fec03b18931,cab36767-e95a-4f60-978e-92490f2517b2,101.83,BUS
cab36767-e95a-4f60-978e-92490f2517b2,22ef2062-46f0-4a46-8d9a-6ceb7b7f45bc,110.79,BUS
22ef2062-46f0-4a46-8d9a-6ceb7b7f45bc,9b85d4b0-c594-4e0e-9ce2-d0986256c270,160.94,BUS
9b85d4b0-c594-4e0e-9ce2-d0986256c270,295616c0-387b-4f60-a337-7743cd6be04e,132.18,BUS
295616c0-387b-4f60-a337-7743cd6be04e,0b4a072e-6c2d-4c71-ab80-2b7142df81de,357.86,BUS
0b4a072e-6c2d-4c71-ab80-2b7142df81de,54c591c0-7bbb-4489-9229-57b18f95827a,129.17,BUS
54c591c0-7bbb-4489-9229-57b18f95827a,9cfac7e2-9653-4e52-a6d3-27756d27f817,143.43,BUS
9cfac7e2-9653-4e52-a6d3-27756d27f817,77dcd833-fa4d-4c5a-93b1-31284942e61d,172.42,BUS
77dcd833-fa4d-4c5a-93b1-31284942e61d,f2bac6f5-5bbc-4f15-acdd-014d86770ce9,86.83,BUS
f2bac6f5-5bbc-4f15-acdd-014d86770ce9,b589ddd3-5a31-4fe1-915f-44347b4c0a1a,137.62,BUS
b589ddd3-5a31-4fe1-915f-44347b4c0a1a,5a2def68-fa57-4002-a942-e39bc2a87688,94.42,BUS
5a2def68-fa57-4002-a942-e39bc2a87688,26d86ffa-b8df-49aa-a9c0-5fa7d3cfba77,113.27,BUS
26d86ffa-b8df-49aa-a9c0-5fa7d3cfba77,e9382efd-d64d-46b0-9a7d-a4e6a0188725,106.81,BUS
e9382efd-d64d-46b0-9a7d-a4e6a0188725,13ceaf6c-9650-45c3-b449-64a0e5094d18,96.61,BUS
13ceaf6c-9650-45c3-b449-64a0e5094d18,13d6dac7-dc00-416e-a8c0-0d6967e4014e,80.33,BUS
5764ff17-c787-4918-b7bd-a2ed9c6d7dd1,1907a46a-4559-43ec-8363-03fe35d30725,53.23,BUS
1907a46a-4559-43ec-8363-03fe35d30725,87785aa3-128e-4f15-82b0-d8c3cfa6076f,102.86,BUS
87785aa3-128e-4f15-82b0-d8c3cfa6076f,f528b363-1484-456c-835b-1e08dc31ef8e,97.79,BUS
f528b363-1484-456c-835b-1e08dc31ef8e,5dcffe2a-1c73-4f7c-bdac-4084bb5201aa,73.28,BUS
5dcffe2a-1c73-4f7c-bdac-4084bb5201aa,397418bc-78a7-45c9-b5cf-374fe21cee11,79.2,BUS
397418bc-78a7-45c9-b5cf-374fe21cee11,f2fc2702-e9da-4c36-b6fc-9f52199e4574,96.1,BUS
f2fc2702-e9da-4c36-b6fc-9f52199e4574,c8e0086c-0cef-4375-a471-72f3ae1e34fc,110.46,BUS
c8e0086c-0cef-4375-a471-72f3ae1e34fc,ecc4ae87-ae08-4b94-995c-452fdd94df7f,132.95,BUS
6efecef0-52ba-4a47-9991-9bab5ce31340,717dda7e-d793-4697-8f60-b64ee8b1edc4,133.16,BUS
717dda7e-d793-4697-8f60-b64ee8b1edc4,c87db9be-1fba-4102-a743-0ee4317dd5af,231.43,BUS
769b7bc7-4f95-4bb2-9c99-37ba8e8b4bd5,5de84f88-3f32-4636-8c30-03cc267ecf37,67.84,BUS
5de84f88-3f32-4636-8c30-03cc267ecf37,b4b30b45-445a-4f70-bdf5-5ea7cdc98583,115.42,BUS
b4b30b45-445a-4f70-bdf5-5ea7cdc98583,8375ab17-e389-42b2-9b88-0210a049e321,75.55,BUS
8375ab17-e389-42b2-9b88-0210a049e321,25c85d19-456c-4188-b563-15ad467a54c7,111.37,BUS
25c85d19-456c-4188-b563-15ad467a54c7,0e79ef8c-f692-4e29-a37e-4a81cbb3d410,85.42,BUS
0e79ef8c-f692-4e29-a37e-4a81cbb3d410,b59656a4-b6e7-4b87-977c-078c59088a50,117.86,BUS
b59656a4-b6e7-4b87-977c-078c59088a50,d72032c7-d4b0-4eee-a87c-593985a42266,86.23,BUS
d72032c7-d4b0-4eee-a87c-593985a42266,9bb1ed3b-5a6f-43c7-afaf-ba2b60ca1a7a,133.56,BUS
9bb1ed3b-5a6f-43c7-afaf-ba2b60ca1a7a,fef200e9-4d98-425b-ab14-8110e2aa85d7,173.0,BUS
295616c0-387b-4f60-a337-7743cd6be04e,318d4398-e152-498b-b4ff-1344c67adba6,216.55,BUS
318d4398-e152-498b-b4ff-1344c67adba6,1ce1c3a8-e0f6-4f90-b1aa-1448759d8b3c,97.67,BUS
1ce1c3a8-e0f6-4f90-b1aa-1448759d8b3c,154f3596-bbbb-4038-9ad7-c4b8b5288a02,122.31,BUS
154f3596-bbbb-4038-9ad7-c4b8b5288a02,0760a037-cd94-4936-89b6-45ce9bd19917,113.31,BUS
0760a037-cd94-4936-89b6-45ce9bd19917,cee2862b-9b70-4880-8fa3-16c6d2efae1b,77.61,BUS
cee2862b-9b70-4880-8fa3-16c6d2efae1b,9dfc0a62-bf4d-4670-83d0-4e26a6e56b32,96.08,BUS
9dfc0a62-bf4d-4670-83d0-4e26a6e56b32,7fdce743-a4be-44d7-8658-0a259a18ad30,93.2,BUS
7fdce743-a4be-44d7-8658-0a259a18ad30,eee4abae-e720-4776-b6c7-0099d0119246,94.71,BUS
eee4abae-e720-4776-b6c7-0099d0119246,40fcc1b9-2c42-4db8-bd48-d431efc8a3fd,57.21,BUS
40fcc1b9-2c42-4db8-bd48-d431efc8a3fd,db13a26e-19d4-4b8a-a78a-01ef25d58834,76.71,BUS
db13a26e-19d4-4b8a-a78a-01ef25d58834,4d216485-ef41-45e7-9182-0c254644955c,107.28,BUS
4d216485-ef41-45e7-9182-0c254644955c,666e98e1-4a23-4204-a3e6-99110f8b3153,60.76,BUS
666e98e1-4a23-4204-a3e6-99110f8b3153,a7af0c5d-2297-40e2-a6e0-506f6aadba0a,80.67,BUS
a7af0c5d-2297-40e2-a6e0-506f6aadba0a,be5fb719-eda2-4831-90c6-249248ea22dd,97.34,BUS
be5fb719-eda2-4831-90c6-249248ea22dd,592b37eb-8255-4758-ae8a-7cef98521013,74.29,BUS
592b37eb-8255-4758-ae8a-7cef98521013,08071ba1-570f-487b-9a36-01a046fb2788,62.45,BUS
08071ba1-570f-487b-9a36-01a046fb2788,6bd46cb7-9e5d-453a-878a-bcc38fb2a5f2,59.02,BUS
6bd46cb7-9e5d-453a-878a-bcc38fb2a5f2,21764d19-62cc-49fd-bac9-403aeac6a6b9,108.88,BUS
21764d19-62cc-49fd-bac9-403aeac6a6b9,9583dbdd-06fd-411e-88dd-af8f89e2caaa,52.86,BUS
9583dbdd-06fd-411e-88dd-af8f89e2caaa,43df2657-d56f-4fc4-8c40-49180cbbe90c,70.21,BUS
43df2657-d56f-4fc4-8c40-49180cbbe90c,2ec182e2-769f-427f-b9b5-c4118890cb96,82.56,BUS
2ec182e2-769f-427f-b9b5-c4118890cb96,459f82d2-cbe4-414b-b66b-0b794ea958ed,108.44,BUS
459f82d2-cbe4-414b-b66b-0b794ea958ed,c0e6a237-3879-4336-88b6-5af51408cc7e,95.93,BUS
c0e6a237-3879-4336-88b6-5af51408cc7e,f8da5156-e545-47ed-a811-2242f41f5593,88.24,BUS
f8da5156-e545-47ed-a811-2242f41f5593,daf172e0-4dd9-4d5b-8287-67ad2034bced,117.4,BUS
daf172e0-4dd9-4d5b-8287-67ad2034bced,a2ce7e6f-0f99-443a-a973-81a0b9c60261,106.18,BUS
a2ce7e6f-0f99-443a-a973-81a0b9c60261,f33b721f-a8a3-4aad-96f2-077da09ebaa6,103.14,BUS
f33b721f-a8a3-4aad-96f2-077da09ebaa6,c87db9be-1fba-4102-a743-0ee4317dd5af,150.67,BUS
c87db9be-1fba-4102-a743-0ee4317dd5af,a719a87c-4e93-4387-a6d1-2631a487f7e0,125.39,BUS
ef91fd44-5651-4fd4-b6f8-619fdef9da7b,659ee31d-ae12-4498-8507-28579d322e32,109.95,BUS
659ee31d-ae12-4498-8507-28579d322e32,7294875b-8482-484a-b04d-95b921612001,88.89,BUS
7294875b-8482-484a-b04d-95b921612001,c297ac70-8f43-4fbc-a8a4-366ddb883a8d,83.73,BUS
c297ac70-8f43-4fbc-a8a4-366ddb883a8d,da656f17-9723-4cbe-a008-823cbad17c28,137.56,BUS
da656f17-9723-4cbe-a008-823cbad17c28,769b7bc7-4f95-4bb2-9c99-37ba8e8b4bd5,117.62,BUS
13d6dac7-dc00-416e-a8c0-0d6967e4014e,fdff5f9c-6c02-4fc1-a004-7032b17fa37a,81.73,BUS
fdff5f9c-6c02-4fc1-a004-7032b17fa37a,786a15d4-dd6b-42bb-a5c9-6ce994b5be9e,75.81,BUS
786a15d4-dd6b-42bb-a5c9-6ce994b5be9e,1aa7e441-8646-4d1d-88bd-ab004758ffc4,58.83,BUS
1aa7e441-8646-4d1d-88bd-ab004758ffc4,0810f07b-94d6-442f-b10d-bf8210c4ed47,88.83,BUS
0810f07b-94d6-442f-b10d-bf8210c4ed47,093afa81-b65f-4182-bac3-afbc00558a9b,102.47,BUS
093afa81-b65f-4182-bac3-afbc00558a9b,4f21a18a-3cb0-4c6c-bb92-e7c8945fac1c,89.86,BUS
4f21a18a-3cb0-4c6c-bb92-e7c8945fac1c,4038e02e-f22f-4af0-ba4f-7aab855b53af,163.86,BUS
4038e02e-f22f-4af0-ba4f-7aab855b53af,484b5c91-1220-43ba-af79-84e712fcc46b,136.49,BUS
c87db9be-1fba-4102-a743-0ee4317dd5af,38b3abed-0592-407b-96c3-85a026f2e192,159.85,BUS
38b3abed-0592-407b-96c3-85a026f2e192,eead721b-8996-4e73-a2f9-02dba20df4fa,212.88,BUS
eead721b-8996-4e73-a2f9-02dba20df4fa,557f714a-6f4a-4c98-8c5a-d74fa34b2adb,188.7,BUS
557f714a-6f4a-4c98-8c5a-d74fa34b2adb,023d7b7a-b411-4e61-8746-b07f9e5c8f90,124.22,BUS
023d7b7a-b411-4e61-8746-b07f9e5c8f90,d5102041-8282-4c77-a593-edac0d0d4a34,107.18,BUS
d5102041-8282-4c77-a593-edac0d0d4a34,0614b134-0950-4f6b-bc8f-fb73a0881bc1,86.82,BUS
0614b134-0950-4f6b-bc8f-fb73a0881bc1,86303165-4af4-4fcd-b0f9-43ed865454f4,106.31,BUS
86303165-4af4-4fcd-b0f9-43ed865454f4,f4e99ece-e89e-4322-80c6-5a91df65f64e,117.06,BUS
f4e99ece-e89e-4322-80c6-5a91df65f64e,eb165f50-9c43-4b09-9658-469a16d3dc83,135.86,BUS
eb165f50-9c43-4b09-9658-469a16d3dc83,8598b85d-3e1d-4767-b72f-0c209038841f,102.42,BUS
8598b85d-3e1d-4767-b72f-0c209038841f,36d25599-0bed-48a0-bcb4-134be8a959fe,79.23,BUS
36d25599-0bed-48a0-bcb4-134be8a959fe,17f7d178-41b3-41f9-a545-cbfc22a0a5f1,101.65,BUS
17f7d178-41b3-41f9-a545-cbfc22a0a5f1,505865ea-cdea-4042-bdb2-b2f4f03889cb,92.88,BUS
c2827897-b9fe-4bfc-b4ed-880f11a2359e,454817d3-3750-49c7-994c-14d06fd2c634,187.01,BUS
454817d3-3750-49c7-994c-14d06fd2c634,cbf8e64b-fd0d-48ec-8fb1-03b298cc13b3,128.83,BUS
cbf8e64b-fd0d-48ec-8fb1-03b298cc13b3,f14a6236-8af2-47bf-9270-432377662a63,139.74,BUS
f14a6236-8af2-47bf-9270-432377662a63,c22879e5-8e90-4540-9a74-5f139208e492,127.02,BUS
c22879e5-8e90-4540-9a74-5f139208e492,306dcdea-b1ce-4357-ba5e-fa82293630df,147.64,BUS
306dcdea-b1ce-4357-ba5e-fa82293630df,c87db9be-1fba-4102-a743-0ee4317dd5af,170.01,BUS
a378ce5e-57ce-4c52-b219-568674b5cd5e,a9796806-8cd3-4b76-bf8c-4340aec35c9e,174.29,BUS
a9796806-8cd3-4b76-bf8c-4340aec35c9e,8c7fa045-888b-46d0-8189-6f82623bf481,100.65,BUS
8c7fa045-888b-46d0-8189-6f82623bf481,023d7b7a-b411-4e61-8746-b07f9e5c8f90,60.61,BUS
023d7b7a-b411-4e61-8746-b07f9e5c8f90,9b0074d2-2c92-4c01-830b-00be8e05b412,104.27,BUS
9b0074d2-2c92-4c01-830b-00be8e05b412,f4cfd904-bd11-4247-95df-32c4555a930f,129.21,BUS
f4cfd904-bd11-4247-95df-32c4555a930f,dd57f39b-be0f-479e-bc35-5bd2edf98ff2,129.27,BUS
dd57f39b-be0f-479e-bc35-5bd2edf98ff2,60ccc570-3714-410b-aa31-43d3a4c593c8,94.2,BUS
60ccc570-3714-410b-aa31-43d3a4c593c8,88cdd36c-03d2-4374-a22f-110dd9f75ea0,170.65,BUS
88cdd36c-03d2-4374-a22f-110dd9f75ea0,2bf898b0-1247-4e84-87e2-2e044e580c8f,94.29,BUS
2bf898b0-1247-4e84-87e2-2e044e580c8f,cdee8be6-e02c-4fb5-9752-be1bac08d90d,102.47,BUS
cdee8be6-e02c-4fb5-9752-be1bac08d90d,e97befb6-5dc6-4603-ad5e-3aa96b4b2221,73.38,BUS
e97befb6-5dc6-4603-ad5e-3aa96b4b2221,6a89c110-a0f8-4b1a-87f0-33f49c0a658e,198.83,BUS
6a89c110-a0f8-4b1a-87f0-33f49c0a658e,4bd4913f-8597-4ea0-b219-4e9b15dcbb62,66.62,BUS
4bd4913f-8597-4ea0-b219-4e9b15dcbb62,1f9fad8e-d59c-494c-bdd1-1983afacb755,63.84,BUS
1f9fad8e-d59c-494c-bdd1-1983afacb755,cf6f67f5-f7df-4462-828b-481134217fad,97.61,BUS
cf6f67f5-f7df-4462-828b-481134217fad,2838f674-f6e9-4eb5-a99c-1d0ac7903ca1,84.29,BUS
785ad018-d0fe-4628-b188-15f6dc71b38e,05bd4cbd-b014-4cfd-8ca9-3c82b0a59114,140.09,BUS
05bd4cbd-b014-4cfd-8ca9-3c82b0a59114,34afe7f1-2d09-487f-983f-19c7dd5dae82,102.59,BUS
34afe7f1-2d09-487f-983f-19c7dd5dae82,784bebe9-c0c7-46eb-943d-0b1808ffd5ac,93.21,BUS
784bebe9-c0c7-46eb-943d-0b1808ffd5ac,f174a648-9e84-492d-9ccd-0756b49c773b,104.46,BUS
f174a648-9e84-492d-9ccd-0756b49c773b,91745353-dd19-49ee-beaf-332e546dcceb,98.84,BUS
91745353-dd19-49ee-beaf-332e546dcceb,15af3c66-ad74-4f41-92f7-92e2ff72a51d,76.34,BUS
15af3c66-ad74-4f41-92f7-92e2ff72a51d,2496479b-f855-403d-bce8-2a4d9988665d,108.21,BUS
2496479b-f855-403d-bce8-2a4d9988665d,b0d473cd-f35e-4a30-8d0d-70f16b92e8e8,91.34,BUS
b0d473cd-f35e-4a30-8d0d-70f16b92e8e8,3f01eb40-651e-4fad-aff9-2ee27f259f64,87.59,BUS
3f01eb40-651e-4fad-aff9-2ee27f259f64,5fe363f3-8297-448b-bde3-08f690c92d1b,130.71,BUS
5fe363f3-8297-448b-bde3-08f690c92d1b,447a37f6-2be6-45a3-8ae0-6982aa53cafb,87.59,BUS
447a37f6-2be6-45a3-8ae0-6982aa53cafb,b4634750-8d91-4625-b40d-1da9665e70f6,280.71,BUS
b4634750-8d91-4625-b40d-1da9665e70f6,99b82632-116f-421b-9320-d5a53e522155,113.84,BUS
99b82632-116f-421b-9320-d5a53e522155,4ec1b435-1683-4cd7-a4d0-688cc9f3b603,188.84,BUS
d8289ab1-f65d-4b3d-8b4b-55ada004f023,cdabf1ea-b04c-480a-8359-72c46e6864ab,97.45,BUS
cdabf1ea-b04c-480a-8359-72c46e6864ab,f33b721f-a8a3-4aad-96f2-077da09ebaa6,126.71,BUS
8f56b058-1ae3-44f5-8600-4330f2264d78,3cb0ccbb-9b91-4d71-bd27-2acef732be4c,149.71,BUS
3cb0ccbb-9b91-4d71-bd27-2acef732be4c,9b0074d2-2c92-4c01-830b-00be8e05b412,129.71,BUS
60ccc570-3714-410b-aa31-43d3a4c593c8,7bcbdcaa-00b9-47d4-8982-09da26cd7bcb,142.86,BUS
7bcbdcaa-00b9-47d4-8982-09da26cd7bcb,807c11ba-4b3a-4e2b-82b5-abf5864fa4bc,152.71,BUS
807c11ba-4b3a-4e2b-82b5-abf5864fa4bc,1a3351a1-563e-4174-b402-54bc0e2f5191,104.71,BUS
1a3351a1-563e-4174-b402-54bc0e2f5191,79a5bacd-8b59-4d83-99e8-26e3c5b1490b,88.71,BUS
79a5bacd-8b59-4d83-99e8-26e3c5b1490b,25cde952-4896-4977-b229-75e09b3e3661,104.71,BUS
25cde952-4896-4977-b229-75e09b3e3661,86a75ffc-a78f-401f-8991-2eb0371417b2,140.03,BUS
86a75ffc-a78f-401f-8991-2eb0371417b2,1eadcdb9-60cd-47c9-8eec-527c3465a685,98.36,BUS
1eadcdb9-60cd-47c9-8eec-527c3465a685,0bb103e4-c4a6-4c4c-a13d-217ab4e6dfd3,79.74,BUS
0bb103e4-c4a6-4c4c-a13d-217ab4e6dfd3,e57aad1d-457e-401f-b26d-306b4fd836eb,87.71,BUS
e57aad1d-457e-401f-b26d-306b4fd836eb,fcc58ff5-bf0b-44ce-b12b-75ecc493f24d,94.71,BUS
fcc58ff5-bf0b-44ce-b12b-75ecc493f24d,e82569a6-73f3-4002-b7b5-0f83ee167535,84.71,BUS
e82569a6-73f3-4002-b7b5-0f83ee167535,277bc73c-e61d-4046-bcfd-31d6161c568e,134.71,BUS
277bc73c-e61d-4046-bcfd-31d6161c568e,92928953-a289-4a44-a653-b7b6b4f5e1c2,135.71,BUS
92928953-a289-4a44-a653-b7b6b4f5e1c2,24ab9d18-4fb9-4e7e-b48c-d5cdc9cd1305,105.71,BUS
24ab9d18-4fb9-4e7e-b48c-d5cdc9cd1305,68075aa0-144c-4f6e-93ef-e93dfc35df78,121.71,BUS
da656f17-9723-4cbe-a008-823cbad17c28,0c3a77a7-d9eb-45c7-b722-1fafde29129c,112.62,BUS
0c3a77a7-d9eb-45c7-b722-1fafde29129c,12cfc2b3-f8ff-444b-8d5f-15855e45e331,108.44,BUS
12cfc2b3-f8ff-444b-8d5f-15855e45e331,9c2e9262-7afe-44d3-8aaf-80afd45f9118,93.09,BUS
9c2e9262-7afe-44d3-8aaf-80afd45f9118,5c246f67-4431-4968-8d64-2ae4b823e360,105.65,BUS
5c246f67-4431-4968-8d64-2ae4b823e360,8441d439-8d1d-40b8-b3d5-7b9c56848b43,239.6,BUS
8441d439-8d1d-40b8-b3d5-7b9c56848b43,aa844493-50b0-4b91-b331-f4297d2ae6a8,141.93,BUS
aa844493-50b0-4b91-b331-f4297d2ae6a8,6324e337-5778-492a-9e9c-57e3ad5c4710,98.67,BUS
6324e337-5778-492a-9e9c-57e3ad5c4710,3d9e90f6-2b67-4f24-9cc4-7c2063a08410,126.58,BUS
3d9e90f6-2b67-4f24-9cc4-7c2063a08410,b2dd8b3a-3710-4f07-b735-4bd183bfaade,141.93,BUS
b2dd8b3a-3710-4f07-b735-4bd183bfaade,30c30bf5-75c4-4dc0-995f-4679ef54d37c,127.97,BUS
30c30bf5-75c4-4dc0-995f-4679ef54d37c,08f2fb98-afdf-4961-b419-1bca7f5568ab,140.53,BUS
c87db9be-1fba-4102-a743-0ee4317dd5af,717dda7e-d793-4697-8f60-b64ee8b1edc4,177.04,BUS
717dda7e-d793-4697-8f60-b64ee8b1edc4,0b4a072e-6c2d-4c71-ab80-2b7142df81de,129.69,BUS
9cfac7e2-9653-4e52-a6d3-27756d27f817,1c0ae078-cca7-40c8-aeda-1187a12ddfee,143.31,BUS
1c0ae078-cca7-40c8-aeda-1187a12ddfee,567980fa-7783-411d-9c67-55b44d753880,98.03,BUS
567980fa-7783-411d-9c67-55b44d753880,79d89180-8b07-4127-b7b4-1ac03d1cee9f,87.3,BUS
79d89180-8b07-4127-b7b4-1ac03d1cee9f,1faa072c-478b-4656-8df3-84167a9a4bbb,87.7,BUS
1faa072c-478b-4656-8df3-84167a9a4bbb,9f01f25f-9a5b-459a-96da-222ef81faf51,71.01,BUS
9f01f25f-9a5b-459a-96da-222ef81faf51,c5ec5e81-2ce4-452d-bd7a-595de4f8b34f,100.81,BUS
c5ec5e81-2ce4-452d-bd7a-595de4f8b34f,79325942-629a-4766-a34a-525f8edf8cc5,62.89,BUS
79325942-629a-4766-a34a-525f8edf8cc5,edf94a12-03e9-4225-b6cc-aca0edf588a7,92.29,BUS
edf94a12-03e9-4225-b6cc-aca0edf588a7,8589e5d1-21b4-4210-ad7a-4bf91f9a715d,121.48,BUS
8f56b058-1ae3-44f5-8600-4330f2264d78,e7789f42-0ad7-44d1-974b-42a3f4957291,158.93,BUS
e7789f42-0ad7-44d1-974b-42a3f4957291,9741988b-6723-480b-a419-8db7490d667a,105.6,BUS
9741988b-6723-480b-a419-8db7490d667a,9cd1e7f8-8ccf-4469-bc25-25d138605c67,85.6,BUS
9cd1e7f8-8ccf-4469-bc25-25d138605c67,dc6b96b1-d0fa-4d03-ac2b-8eba5bb97ba2,71.43,BUS
dc6b96b1-d0fa-4d03-ac2b-8eba5bb97ba2,6a74977a-a26d-42b4-a60b-8dabc726e57d,78.1,BUS
6a74977a-a26d-42b4-a60b-8dabc726e57d,0df2ffa6-b1c8-44d0-900c-8b23b37794df,102.26,BUS
0df2ffa6-b1c8-44d0-900c-8b23b37794df,c1606675-dd38-4952-914b-6ca64fd56b7b,123.12,BUS
c1606675-dd38-4952-914b-6ca64fd56b7b,caac4c1a-13e4-4afa-b467-65d90a8fbd44,228.57,BUS
caac4c1a-13e4-4afa-b467-65d90a8fbd44,4afd573d-abb7-4209-9b28-5c34811eb3ef,117.66,BUS
4afd573d-abb7-4209-9b28-5c34811eb3ef,98f728a3-94a6-4911-98d7-64ab88097036,132.21,BUS
98f728a3-94a6-4911-98d7-64ab88097036,5c9baa4c-9ee0-4263-be22-72f5a73c714d,141.3,BUS
5c9baa4c-9ee0-4263-be22-72f5a73c714d,62d0c5a7-1692-43ef-b6e2-31f514362629,119.48,BUS
62d0c5a7-1692-43ef-b6e2-31f514362629,ca8cbe57-95dc-4326-9c06-b60a87b981b1,197.66,BUS
a4545f57-dab0-4ca0-9da3-5bc96d80f104,d7a59d1b-dfe1-4fbb-96fc-14443b077516,91.62,BUS
d7a59d1b-dfe1-4fbb-96fc-14443b077516,d2f9bbec-4b03-49a8-af83-afe65fe07a0e,90.29,BUS
d2f9bbec-4b03-49a8-af83-afe65fe07a0e,6edebb46-d04f-45c4-99a4-100f7f0b2660,106.29,BUS
6edebb46-d04f-45c4-99a4-100f7f0b2660,bb995fbb-29c8-4035-9503-ae33320833a8,76.14,BUS
bb995fbb-29c8-4035-9503-ae33320833a8,24df120e-0d0c-4353-8dda-c7ef0dc3dd5c,81.96,BUS
24df120e-0d0c-4353-8dda-c7ef0dc3dd5c,9ab2717b-1396-4885-bb5b-9857d7195d0d,131.31,BUS
9ab2717b-1396-4885-bb5b-9857d7195d0d,80c65758-5f25-4003-8d55-10ff96fe8310,124.11,BUS
80c65758-5f25-4003-8d55-10ff96fe8310,65e92ecc-800d-4962-a8bc-0f50f1107a5b,109.71,BUS
65e92ecc-800d-4962-a8bc-0f50f1107a5b,cc9cbd94-6da7-41ff-a728-cfd4b47dfcc0,133.71,BUS
cc9cbd94-6da7-41ff-a728-cfd4b47dfcc0,aa3ce006-1975-496a-abc6-a98ec5e87652,124.11,BUS
aa3ce006-1975-496a-abc6-a98ec5e87652,1cc5f00f-c982-4016-8553-40a3da4f36ad,90.51,BUS
1cc5f00f-c982-4016-8553-40a3da4f36ad,7c37b809-4d6d-497c-a53d-38663e91c088,126.51,BUS
7c37b809-4d6d-497c-a53d-38663e91c088,6e7cab20-d7e3-474f-9a5e-f1e0ca6fae53,114.51,BUS
6e7cab20-d7e3-474f-9a5e-f1e0ca6fae53,9c57d59a-53f8-4a16-b279-2ab1745ea230,203.31,BUS
9c57d59a-53f8-4a16-b279-2ab1745ea230,70c51140-f3ee-4c89-a6e2-ed74dab89148,191.31,BUS
70c51140-f3ee-4c89-a6e2-ed74dab89148,81f21fc1-3bd2-4d2a-b563-2d063479c68e,198.51,BUS
81f21fc1-3bd2-4d2a-b563-2d063479c68e,452bfd80-e8bd-470b-bc4a-981e1b37ffd7,88.44,BUS
452bfd80-e8bd-470b-bc4a-981e1b37ffd7,88cdd36c-03d2-4374-a22f-110dd9f75ea0,160.11,BUS
88cdd36c-03d2-4374-a22f-110dd9f75ea0,5cc8a08d-c0af-491f-9a9c-b8b4f5f23bc0,217.71,BUS
5cc8a08d-c0af-491f-9a9c-b8b4f5f23bc0,0eca6015-5429-4289-a76c-4ec9ef707e67,133.71,BUS
0eca6015-5429-4289-a76c-4ec9ef707e67,e4635b94-348c-4c69-be85-1160488e5e43,85.71,BUS
9afb36ea-c2ae-4bbb-9644-3a6c65bb1c7d,8561e9fb-03e0-46f1-802d-b376d26a8ea5,191.48,BUS
8561e9fb-03e0-46f1-802d-b376d26a8ea5,8f623f1d-48a7-46b5-9331-28a8dc980876,116.48,BUS
8f623f1d-48a7-46b5-9331-28a8dc980876,a2ce7e6f-0f99-443a-a973-81a0b9c60261,172.19,BUS
a2ce7e6f-0f99-443a-a973-81a0b9c60261,e6f5183b-c615-4f47-b4fb-204ee070e825,132.55,BUS
e6f5183b-c615-4f47-b4fb-204ee070e825,d7748049-2f69-4c77-a19b-96774a521ac1,126.17,BUS
d7748049-2f69-4c77-a19b-96774a521ac1,2f874852-bc80-4ff3-b6bf-a914e31251c8,84.59,BUS
2f874852-bc80-4ff3-b6bf-a914e31251c8,1b3ddeca-a066-43ee-9ae5-8339628129c2,85.64,BUS
1b3ddeca-a066-43ee-9ae5-8339628129c2,a0b1fb90-3f6a-4231-910a-18be192ac762,152.08,BUS
a0b1fb90-3f6a-4231-910a-18be192ac762,ff8f71b7-06fe-47fe-8238-9af5ee1b1dfd,149.69,BUS
ff8f71b7-06fe-47fe-8238-9af5ee1b1dfd,223f660b-c391-4120-bf3c-7bf06781686b,136.84,BUS
223f660b-c391-4120-bf3c-7bf06781686b,7bcbdcaa-00b9-47d4-8982-09da26cd7bcb,142.19,BUS
7bcbdcaa-00b9-47d4-8982-09da26cd7bcb,105e10e7-fbab-4f99-94c9-178c25630b42,166.6,BUS
105e10e7-fbab-4f99-94c9-178c25630b42,bd1396f2-4dc8-4695-9bf1-c601157100d8,84.2,BUS
bd1396f2-4dc8-4695-9bf1-c601157100d8,c0fb12dd-8cab-40da-a3aa-e8de9c6d09ed,81.54,BUS
c0fb12dd-8cab-40da-a3aa-e8de9c6d09ed,e0bcd677-6012-4c90-a884-44dffafdffec,112.67,BUS
bd6d732b-65aa-4b59-be82-6ce1301e70d5,4c277b3f-c427-404b-ace3-2cd51656318f,116.13,BUS
4c277b3f-c427-404b-ace3-2cd51656318f,53ec687a-6f0c-4bb7-b1b4-606e7dcfada9,86.72,BUS
53ec687a-6f0c-4bb7-b1b4-606e7dcfada9,c5ec5e81-2ce4-452d-bd7a-595de4f8b34f,138.49,BUS
edf94a12-03e9-4225-b6cc-aca0edf588a7,fb7704f0-d31e-4561-83e4-621a8c62654b,151.43,BUS
fb7704f0-d31e-4561-83e4-621a8c62654b,f5e84751-7377-402c-974c-53276e422e70,76.66,BUS
f5e84751-7377-402c-974c-53276e422e70,d17294f3-5b6c-4313-9243-3f38557967cf,146.96,BUS
d17294f3-5b6c-4313-9243-3f38557967cf,d5961b09-f5e8-4a0b-9bbb-2515ff0a8376,82.6,BUS
d5961b09-f5e8-4a0b-9bbb-2515ff0a8376,7d579a55-27bc-49d0-a124-a5ed6233c55a,107.69,BUS
7d579a55-27bc-49d0-a124-a5ed6233c55a,d27a7320-71d6-48bc-a4f5-0f3e239575b8,113.14,BUS
d27a7320-71d6-48bc-a4f5-0f3e239575b8,ea91e672-f4a8-40cb-af62-214726551a93,109.87,BUS
ea91e672-f4a8-40cb-af62-214726551a93,ccd8a655-468b-4728-a26d-7981bbdd7dec,144.78,BUS
ccd8a655-468b-4728-a26d-7981bbdd7dec,9cb18d2e-9bf3-436a-ab3a-7c52c5de1300,100.05,BUS
9cb18d2e-9bf3-436a-ab3a-7c52c5de1300,c627c9f2-af02-4d83-969a-566719bb09e3,59.69,BUS
38b3abed-0592-407b-96c3-85a026f2e192,639551cf-fe23-4363-8ccd-655bc5d4119e,193.81,BUS
639551cf-fe23-4363-8ccd-655bc5d4119e,8c7fa045-888b-46d0-8189-6f82623bf481,124.49,BUS
0614b134-0950-4f6b-bc8f-fb73a0881bc1,47252dc3-dbd8-43df-898b-0a3fb27ffc93,111.02,BUS
47252dc3-dbd8-43df-898b-0a3fb27ffc93,8598b85d-3e1d-4767-b72f-0c209038841f,151.02,BUS
36d25599-0bed-48a0-bcb4-134be8a959fe,100da88e-4c5f-4188-bd11-d4f3fc80fb74,113.88,BUS
100da88e-4c5f-4188-bd11-d4f3fc80fb74,0ff94f7b-275b-4cc4-bb27-e00842f5ad87,105.31,BUS
0ff94f7b-275b-4cc4-bb27-e00842f5ad87,52e5d1c1-28c9-4ed2-b0ec-5bf7311be753,138.16,BUS
52e5d1c1-28c9-4ed2-b0ec-5bf7311be753,3a50f545-2fe2-45a0-8ed6-01635603efed,141.02,BUS
3a50f545-2fe2-45a0-8ed6-01635603efed,7b41ca8e-2e41-4572-aa5c-1d80375e8835,91.02,BUS
7b41ca8e-2e41-4572-aa5c-1d80375e8835,4b456495-fb29-4ff3-b48b-4090bc51514e,95.31,BUS
4b456495-fb29-4ff3-b48b-4090bc51514e,6edebb46-d04f-45c4-99a4-100f7f0b2660,93.88,BUS
24df120e-0d0c-4353-8dda-c7ef0dc3dd5c,d9f26e1a-77fc-48b0-a024-93fd38eb88a4,148.16,BUS
8589e5d1-21b4-4210-ad7a-4bf91f9a715d,68c65382-15dc-465c-96b5-7f27af9d4a63,232.62,BUS
68c65382-15dc-465c-96b5-7f27af9d4a63,bff8345d-1b72-4b41-8b8d-cb8a5483a2e4,129.37,BUS
bff8345d-1b72-4b41-8b8d-cb8a5483a2e4,0dc86a8f-0f41-44c7-978c-e06cb63cbbcf,232.62,BUS
0dc86a8f-0f41-44c7-978c-e06cb63cbbcf,35aedf45-cca3-4f2f-931b-138d29d20fe9,131.08,BUS
35aedf45-cca3-4f2f-931b-138d29d20fe9,698551c1-7bb2-4f7e-9701-23b7667e8594,80.53,BUS
698551c1-7bb2-4f7e-9701-23b7667e8594,2c0475be-44e7-4f0f-a06d-2c1b4ca15677,81.93,BUS
53f8224f-99e5-4c34-9f77-3621bbe9ce99,ab0d4ded-a428-4133-a6c8-0f2caac0a5ae,108.21,BUS
ab0d4ded-a428-4133-a6c8-0f2caac0a5ae,249f3d10-f5f0-467b-8f60-f35fd62d9054,111.96,BUS
249f3d10-f5f0-467b-8f60-f35fd62d9054,45303500-8b0e-4779-9abd-433b5f8b2838,111.96,BUS
45303500-8b0e-4779-9abd-433b5f8b2838,d7d791d9-02e0-4369-be0c-1546fc2044a4,115.71,BUS
d7d791d9-02e0-4369-be0c-1546fc2044a4,73e6ef23-ef0c-41bf-9960-0e3078b94d23,102.59,BUS
73e6ef23-ef0c-41bf-9960-0e3078b94d23,ab987eb0-c970-4577-8db9-0cd507a6cab6,170.09,BUS
ab987eb0-c970-4577-8db9-0cd507a6cab6,fb662324-f307-452f-9b00-0275dadfd382,226.34,BUS
fb662324-f307-452f-9b00-0275dadfd382,1f02ab68-e4a0-4783-ae8a-39ccd679f2cc,351.96,BUS
1f02ab68-e4a0-4783-ae8a-39ccd679f2cc,258aeffc-294a-4919-bfb0-34f90dc19892,100.71,BUS
258aeffc-294a-4919-bfb0-34f90dc19892,44e58cea-6c90-467f-baf2-22ac161daafb,91.34,BUS
44e58cea-6c90-467f-baf2-22ac161daafb,47637057-8d6a-4cf9-bd56-3ac90748fcc4,140.09,BUS
47637057-8d6a-4cf9-bd56-3ac90748fcc4,33613e0e-f41c-4cee-804a-3942bf698e3e,82.23,BUS
33613e0e-f41c-4cee-804a-3942bf698e3e,c969f066-aab5-466d-b4db-48e651a4a12e,77.54,BUS
c969f066-aab5-466d-b4db-48e651a4a12e,69bc9f1c-507f-463c-ba5a-04500b319967,67.23,BUS
69bc9f1c-507f-463c-ba5a-04500b319967,4ed69cbb-d738-450c-be11-7d96cd50ee50,133.79,BUS
4ed69cbb-d738-450c-be11-7d96cd50ee50,96d4c75b-6452-4c70-a31e-c234262ba38b,128.17,BUS
96d4c75b-6452-4c70-a31e-c234262ba38b,97788808-915f-4405-b54e-7ec5f95f7330,75.36,BUS
97788808-915f-4405-b54e-7ec5f95f7330,ecc4ae87-ae08-4b94-995c-452fdd94df7f,176.92,BUS
1ce1c3a8-e0f6-4f90-b1aa-1448759d8b3c,9276fcfb-0f7e-4df3-b827-325600851526,173.27,BUS
9276fcfb-0f7e-4df3-b827-325600851526,2f874852-bc80-4ff3-b6bf-a914e31251c8,195.77,BUS
2f874852-bc80-4ff3-b6bf-a914e31251c8,91b76764-87af-4b90-89dd-60f0046f7cc0,160.41,BUS
91b76764-87af-4b90-89dd-60f0046f7cc0,2628b04b-eaf2-4c5a-b7ac-837237162783,82.19,BUS
2628b04b-eaf2-4c5a-b7ac-837237162783,ba846253-4c87-4120-8f1c-05a563bf3999,85.41,BUS
ba846253-4c87-4120-8f1c-05a563bf3999,3f996624-8134-4eec-9742-70111db659c1,117.55,BUS
db13a26e-19d4-4b8a-a78a-01ef25d58834,f9d70942-e517-4560-8655-99481edd2b95,120.91,BUS
9746f277-af08-4cce-92fa-41da5eca8ac2,4ab506fa-0fcd-431b-ace7-19ffa5f0576a,216.33,BUS
4ab506fa-0fcd-431b-ace7-19ffa5f0576a,5c38ad77-8124-42b3-810f-04703daec8b4,230.61,BUS
5c38ad77-8124-42b3-810f-04703daec8b4,461045f0-a82c-45c0-af66-71b25f3f0e1a,127.76,BUS
461045f0-a82c-45c0-af66-71b25f3f0e1a,1c0c01ee-6258-4328-9d01-489eb421a8d9,202.04,BUS
1c0c01ee-6258-4328-9d01-489eb421a8d9,48c9ec48-2b87-4945-a077-808839f98e74,124.9,BUS
48c9ec48-2b87-4945-a077-808839f98e74,125d4928-6b97-4a4b-af34-a2d1564c029c,136.33,BUS
125d4928-6b97-4a4b-af34-a2d1564c029c,3c143688-247f-41cc-960d-f5e37b874c3a,236.33,BUS
3c143688-247f-41cc-960d-f5e37b874c3a,592b37eb-8255-4758-ae8a-7cef98521013,147.76,BUS
6bd46cb7-9e5d-453a-878a-bcc38fb2a5f2,b8533150-cf69-441a-8fc4-18f39cbef16b,156.33,BUS
8fc42c89-96e2-4c69-a2b4-44d505f27ce9,7ad25867-5c97-4f9f-9b1b-4966436f7fbf,84.88,BUS
7ad25867-5c97-4f9f-9b1b-4966436f7fbf,60d91c8b-d5a9-4ef4-927c-e241bc31f81a,128.43,BUS
60d91c8b-d5a9-4ef4-927c-e241bc31f81a,a52cd7ac-c11e-4c8b-94a5-1a12b32595da,102.3,BUS
a52cd7ac-c11e-4c8b-94a5-1a12b32595da,4a95f1f8-a457-4dcf-bd1f-6307d4300ea0,116.82,BUS
4a95f1f8-a457-4dcf-bd1f-6307d4300ea0,163da3ae-0ab9-480e-b72d-16357e0a9061,81.98,BUS
163da3ae-0ab9-480e-b72d-16357e0a9061,b56664c0-1dc1-42c5-b10b-52c3fb0dd042,62.63,BUS
b56664c0-1dc1-42c5-b10b-52c3fb0dd042,d2ff7ae5-59fc-4894-aa50-a7f16b5e3534,99.4,BUS
d2ff7ae5-59fc-4894-aa50-a7f16b5e3534,c8e0086c-0cef-4375-a471-72f3ae1e34fc,144.88,BUS
712ee105-4fab-498a-af5c-496ca9830f5f,c0a064eb-b507-43c2-a6d2-0e9c5881f031,144.2,BUS
c0a064eb-b507-43c2-a6d2-0e9c5881f031,a0b1fb90-3f6a-4231-910a-18be192ac762,108.57,BUS
a0b1fb90-3f6a-4231-910a-18be192ac762,6a89c110-a0f8-4b1a-87f0-33f49c0a658e,116.83,BUS
4bd4913f-8597-4ea0-b219-4e9b15dcbb62,2d6504e9-c938-417e-9b55-32d6514bc744,117.68,BUS
2d6504e9-c938-417e-9b55-32d6514bc744,bbe542ee-a3f6-43cf-b23a-077c28b7d19a,112.59,BUS
bbe542ee-a3f6-43cf-b23a-077c28b7d19a,abc9fd26-5442-468b-93b6-4d5eb76d0f1f,90.22,BUS
abc9fd26-5442-468b-93b6-4d5eb76d0f1f,4ca7ae7e-380b-45e3-81de-00ffab5bb531,108.52,BUS
4ca7ae7e-380b-45e3-81de-00ffab5bb531,02c61e3f-2d2e-4b42-b695-bbd3cc672f6b,89.85,BUS
02c61e3f-2d2e-4b42-b695-bbd3cc672f6b,f5d8583f-6e9d-4996-b803-74bf3cd0b602,142.71,BUS
f5d8583f-6e9d-4996-b803-74bf3cd0b602,86a75ffc-a78f-401f-8991-2eb0371417b2,219.71,BUS
0bb103e4-c4a6-4c4c-a13d-217ab4e6dfd3,6559d555-672b-4633-8a81-0ae68fb963eb,67.84,BUS
6559d555-672b-4633-8a81-0ae68fb963eb,9e109242-5aad-4fb7-b0c8-576eef8aa4e0,132.71,BUS
5a2def68-fa57-4002-a942-e39bc2a87688,b5e26d7f-8a91-4360-9811-2e8e05d27382,129.71,BUS
b5e26d7f-8a91-4360-9811-2e8e05d27382,61f19c68-2d5e-4d76-bdd4-28709a347b5b,80.71,BUS
61f19c68-2d5e-4d76-bdd4-28709a347b5b,391bf42a-68a3-400a-baea-0c708f327325,102.71,BUS
391bf42a-68a3-400a-baea-0c708f327325,8eeea585-6168-45b8-a5d4-336e61826043,122.71,BUS
8eeea585-6168-45b8-a5d4-336e61826043,fcfe6ac9-74b3-4c13-96b7-6041f1454813,51.43,BUS
fcfe6ac9-74b3-4c13-96b7-6041f1454813,6a774daa-3547-4128-b304-aa2d17d4391a,94.81,BUS
6a774daa-3547-4128-b304-aa2d17d4391a,8a224b7d-24ae-4c7b-8318-f66ac8cc078b,100.71,BUS
8a224b7d-24ae-4c7b-8318-f66ac8cc078b,b4ffcb65-e60f-478d-806b-e7ae83f1a39d,63.71,BUS
b7b7ac00-59bb-41eb-833d-ad309d24e68a,ef005e77-f3b8-4171-b681-1294d0e4732b,243.3,BUS
ef005e77-f3b8-4171-b681-1294d0e4732b,717c914e-f928-4671-95f6-26c1ddb95799,224.84,BUS
47283e27-c588-411c-9303-30a6f0beeaef,5de84f88-3f32-4636-8c30-03cc267ecf37,183.3,BUS
8375ab17-e389-42b2-9b88-0210a049e321,022ef61f-a226-42e8-b11d-30cf9f9a6688,220.22,BUS
022ef61f-a226-42e8-b11d-30cf9f9a6688,2d42d8e2-26a8-4a74-809c-f436d05c8a54,197.14,BUS
2d42d8e2-26a8-4a74-809c-f436d05c8a54,da623aed-094d-4c3c-9766-9f0aba0f40f6,220.22,BUS
da623aed-094d-4c3c-9766-9f0aba0f40f6,ea80411c-360d-4a33-861c-6533a1d67eef,206.37,BUS
ea80411c-360d-4a33-861c-6533a1d67eef,5de6ff80-1352-43df-b5ec-1df59f2f492b,289.45,BUS
5de6ff80-1352-43df-b5ec-1df59f2f492b,96d4c75b-6452-4c70-a31e-c234262ba38b,238.68,BUS
dfde6478-02b5-471b-a470-29cb0e84542f,9a480b5e-0283-4130-a5e2-9d5e996caa4f,78.76,BUS
9a480b5e-0283-4130-a5e2-9d5e996caa4f,8fbf17ab-413b-442c-9c6a-0eb8873a4755,124.63,BUS
8fbf17ab-413b-442c-9c6a-0eb8873a4755,c326e479-ccc3-4915-8788-3fa189d0143e,160.09,BUS
c326e479-ccc3-4915-8788-3fa189d0143e,0c5f69a6-97c7-4053-bc0b-3f09dbf72f46,233.64,BUS
0c5f69a6-97c7-4053-bc0b-3f09dbf72f46,f15ddf31-fc11-41ba-988d-376c83e38f58,167.83,BUS
f15ddf31-fc11-41ba-988d-376c83e38f58,befe0e87-b5fe-41ff-9a77-f65461eff28d,90.74,BUS
befe0e87-b5fe-41ff-9a77-f65461eff28d,bb606ad8-8a10-4034-9862-60cc177d2455,72.55,BUS
bb606ad8-8a10-4034-9862-60cc177d2455,5c15a390-36b6-47a9-9d84-0c7160157c1d,88.92,BUS
5c15a390-36b6-47a9-9d84-0c7160157c1d,5c8bdb89-116a-4d5d-9db1-9be443070380,85.28,BUS
5c8bdb89-116a-4d5d-9db1-9be443070380,2ec182e2-769f-427f-b9b5-c4118890cb96,198.8,BUS
c0e6a237-3879-4336-88b6-5af51408cc7e,eec159d0-4b1b-4706-9a5d-a00ddcbea9f5,160.09,BUS
eec159d0-4b1b-4706-9a5d-a00ddcbea9f5,d98335a0-1291-4d4c-be62-16b11c356575,115.58,BUS
d98335a0-1291-4d4c-be62-16b11c356575,3c6ebf90-c611-4535-b2b0-22fba3f7649a,91.98,BUS
3c6ebf90-c611-4535-b2b0-22fba3f7649a,76f20fbf-afc4-4c7d-b51c-14f0878b38d8,73.66,BUS
8f56b058-1ae3-44f5-8600-4330f2264d78,41489be9-b3b7-4cbe-90f8-af1a435b2676,163.71,BUS
41489be9-b3b7-4cbe-90f8-af1a435b2676,5f2b93f1-7933-45ed-915c-4488ab8d81b7,113.71,BUS
5f2b93f1-7933-45ed-915c-4488ab8d81b7,db046e79-c658-433c-8812-157fd965a9f6,92.71,BUS
db046e79-c658-433c-8812-157fd965a9f6,ba59baf4-dd00-40a5-80e7-3eee6b9d8b09,80.71,BUS
ba59baf4-dd00-40a5-80e7-3eee6b9d8b09,c86d5f37-52ee-4e3a-99b5-b9554118c4d5,79.71,BUS
c86d5f37-52ee-4e3a-99b5-b9554118c4d5,e333d90d-3eef-4d82-9e00-ebe693e2f389,105.71,BUS
e333d90d-3eef-4d82-9e00-ebe693e2f389,cd5497dc-20a4-40b3-9adf-b380de5d9f16,87.71,BUS
cd5497dc-20a4-40b3-9adf-b380de5d9f16,c93954aa-7aad-4fca-9f7a-721d37f0474e,98.71,BUS
c93954aa-7aad-4fca-9f7a-721d37f0474e,8fc42c89-96e2-4c69-a2b4-44d505f27ce9,97.71,BUS
9e109242-5aad-4fb7-b0c8-576eef8aa4e0,fcccf4af-4f16-4edc-ba5a-585c434593fe,81.65,BUS
fcccf4af-4f16-4edc-ba5a-585c434593fe,48507e1a-32df-4552-9448-3b345760b75f,78.54,BUS
48507e1a-32df-4552-9448-3b345760b75f,e9d9f622-7394-4c5c-9031-a41855a64aa7,174.29,BUS
e9d9f622-7394-4c5c-9031-a41855a64aa7,cad3370f-7a28-4a47-8d5a-187adab3ca21,66.2,BUS
cad3370f-7a28-4a47-8d5a-187adab3ca21,3203d037-a222-4092-8dd6-e8dfcd49a2c9,115.12,BUS
3203d037-a222-4092-8dd6-e8dfcd49a2c9,3edd6057-3847-4c42-b8ec-6e89ff95793a,191.79,BUS
3edd6057-3847-4c42-b8ec-6e89ff95793a,b4766c35-4ab9-4af3-aa76-1b1f40735685,179.29,BUS
b4766c35-4ab9-4af3-aa76-1b1f40735685,bc66f88b-1412-44cb-b921-030d27335261,159.29,BUS
bc66f88b-1412-44cb-b921-030d27335261,169789c5-0251-47a6-800a-74ff3dffe04d,91.66,BUS
169789c5-0251-47a6-800a-74ff3dffe04d,7fad8003-fb10-489d-bf8d-6d433310ad90,161.34,BUS
a0e0a21b-b8ce-4d76-bbc2-04e179367fee,454817d3-3750-49c7-994c-14d06fd2c634,72.14,BUS
454817d3-3750-49c7-994c-14d06fd2c634,59ee5f7d-476b-4958-a922-2040a9308f3b,161.79,BUS
59ee5f7d-476b-4958-a922-2040a9308f3b,3c6ebf90-c611-4535-b2b0-22fba3f7649a,136.79,BUS
a7094427-e180-4deb-acaf-5d4488326e9e,d3283222-38a9-40e2-a485-180d1a33067c,103.98,BUS
d3283222-38a9-40e2-a485-180d1a33067c,71480129-1108-4659-bb1b-d62897a81d02,127.59,BUS
71480129-1108-4659-bb1b-d62897a81d02,7310c006-62b8-4f94-bb9c-d5c26cb3faad,105.71,BUS
66a82f60-b1d1-4251-a715-178300014f18,7c149b59-2bc6-45cb-95c8-69e18a0db627,253.41,BUS
7c149b59-2bc6-45cb-95c8-69e18a0db627,5fa77d25-e7a3-42db-8cc9-52b612d5de19,75.86,BUS
5fa77d25-e7a3-42db-8cc9-52b612d5de19,feb89b92-366d-4f50-a509-40c7baba8cf0,104.69,BUS
feb89b92-366d-4f50-a509-40c7baba8cf0,379bc761-04b5-4227-be76-3b870fe3e69f,117.94,BUS
3429cda2-6047-453c-bf54-952dfa6674c0,67c3adc1-a92d-4528-91ee-77d8b52574c6,131.6,BUS
67c3adc1-a92d-4528-91ee-77d8b52574c6,c22879e5-8e90-4540-9a74-5f139208e492,159.24,BUS
ac3afe7d-a2b3-4d5d-9e6a-1d2412a3bc70,484b5c91-1220-43ba-af79-84e712fcc46b,133.65,BUS
16578e36-c682-4083-bd29-4973445dc0fe,295616c0-387b-4f60-a337-7743cd6be04e,146.03,BUS
db13a26e-19d4-4b8a-a78a-01ef25d58834,4d2fc228-0628-4897-8d77-3e71d500d36d,122.1,BUS
4d2fc228-0628-4897-8d77-3e71d500d36d,075a6b29-66cb-409f-89fe-37d50669eff4,119.65,BUS
075a6b29-66cb-409f-89fe-37d50669eff4,81b6f6ad-6dd6-4e3f-a0bd-754a65a3e57b,111.08,BUS
81b6f6ad-6dd6-4e3f-a0bd-754a65a3e57b,39650ca1-d08c-4645-ac1a-6aed84eb45c5,151.49,BUS
39650ca1-d08c-4645-ac1a-6aed84eb45c5,d0790612-d161-4be4-953d-a7a0c33acf1e,69.45,BUS
d0790612-d161-4be4-953d-a7a0c33acf1e,aaedd82f-0c53-425d-92cf-96e50bd20518,89.04,BUS
aaedd82f-0c53-425d-92cf-96e50bd20518,eb43a68a-54a5-4a37-b090-1329e2b4d830,49.85,BUS
9bd3ee10-bc61-44e8-8cf3-a37cffd54da0,4fddf4a7-ad4e-4630-a5ca-3267955db548,175.94,BUS
4fddf4a7-ad4e-4630-a5ca-3267955db548,7f45fe9c-917a-4571-9a74-9e940cd84f3c,169.62,BUS
7f45fe9c-917a-4571-9a74-9e940cd84f3c,452f2b51-98fb-4a7c-bb0a-44577eb5e12b,141.2,BUS
452f2b51-98fb-4a7c-bb0a-44577eb5e12b,0b6c7b97-410c-48fa-be23-430c316f9b10,175.94,BUS
0b6c7b97-410c-48fa-be23-430c316f9b10,1df1835b-cfd3-40e7-9466-9c9d43642bed,160.15,BUS
1df1835b-cfd3-40e7-9466-9c9d43642bed,22c11486-1afa-491f-b9ab-162d88c8c44d,122.26,BUS
22c11486-1afa-491f-b9ab-162d88c8c44d,10449641-799e-4ee4-a712-a6e3a9aefc27,144.36,BUS
10449641-799e-4ee4-a712-a6e3a9aefc27,a1795ee0-9147-4a5c-bb11-f60a809f690e,109.62,BUS
a1795ee0-9147-4a5c-bb11-f60a809f690e,1c214818-5471-4d2a-a7b2-33464ffacdad,147.52,BUS
1c214818-5471-4d2a-a7b2-33464ffacdad,3d0466c6-82f4-4a8e-ac5f-18d4dab794ac,144.36,BUS
3d0466c6-82f4-4a8e-ac5f-18d4dab794ac,de80f5fd-4572-4bb6-9e21-9860f5fa6b24,169.62,BUS
de80f5fd-4572-4bb6-9e21-9860f5fa6b24,9cc88862-270a-409a-b450-e0003c7930af,213.83,BUS
9cc88862-270a-409a-b450-e0003c7930af,9746f277-af08-4cce-92fa-41da5eca8ac2,216.99,BUS
08f2fb98-afdf-4961-b419-1bca7f5568ab,d9437903-d95a-49e6-9743-12b2b964e04c,151.69,BUS
d9437903-d95a-49e6-9743-12b2b964e04c,219086ca-bdcb-4092-bd82-3d372b9b73ce,100.07,BUS
219086ca-bdcb-4092-bd82-3d372b9b73ce,62feeb73-9af7-43ee-8714-1b435ec20263,167.04,BUS
62feeb73-9af7-43ee-8714-1b435ec20263,f1fd2bad-eba9-4046-a7b9-34e8d1d423f5,139.14,BUS
f1fd2bad-eba9-4046-a7b9-34e8d1d423f5,298fea2e-c58b-4d99-9350-2420c718d2cc,158.67,BUS
298fea2e-c58b-4d99-9350-2420c718d2cc,30131bc3-a0f7-4cfc-9e4d-552b325c0ba7,107.04,BUS
30131bc3-a0f7-4cfc-9e4d-552b325c0ba7,0c6d0a32-5673-45fa-9d50-04d8039cbda1,178.21,BUS
0c6d0a32-5673-45fa-9d50-04d8039cbda1,29589594-5959-4efb-8dda-7348e4e500a0,100.07,BUS
29589594-5959-4efb-8dda-7348e4e500a0,6c773433-c487-49c5-a783-32c0e276ed7b,118.21,BUS
6c773433-c487-49c5-a783-32c0e276ed7b,5de84f88-3f32-4636-8c30-03cc267ecf37,125.18,BUS
318d4398-e152-498b-b4ff-1344c67adba6,e6f5183b-c615-4f47-b4fb-204ee070e825,107.0,BUS
e6f5183b-c615-4f47-b4fb-204ee070e825,1308dcf9-a9e1-4e54-95c9-0f2afaac889b,134.03,BUS
4ec1b435-1683-4cd7-a4d0-688cc9f3b603,e9089f7d-853e-4375-8ecb-0db96fcc60e6,108.21,BUS
e9089f7d-853e-4375-8ecb-0db96fcc60e6,184817a9-ca88-4c82-a40b-5768991da3df,108.21,BUS
184817a9-ca88-4c82-a40b-5768991da3df,32abc648-685c-47b0-bbc4-203371ec2699,115.71,BUS
32abc648-685c-47b0-bbc4-203371ec2699,a26d9a94-effb-45ab-a27f-74076e9e5bdd,269.46,BUS
a26d9a94-effb-45ab-a27f-74076e9e5bdd,5b59d508-0860-4f50-b5ab-72a79046b488,98.84,BUS
5b59d508-0860-4f50-b5ab-72a79046b488,bdd68b01-e9a1-4270-be50-8b5c7bd39a1c,113.84,BUS
bdd68b01-e9a1-4270-be50-8b5c7bd39a1c,e9035f9a-28be-450a-a30c-7178134ff26b,98.84,BUS
e9035f9a-28be-450a-a30c-7178134ff26b,117abbb4-5575-4020-aac4-2048f8d34b50,102.59,BUS
117abbb4-5575-4020-aac4-2048f8d34b50,2e62f411-936d-4a10-96ed-2d8fe95d6d65,98.84,BUS
2e62f411-936d-4a10-96ed-2d8fe95d6d65,21fba303-9465-42e6-8942-eaff85a2b40c,78.21,BUS
21fba303-9465-42e6-8942-eaff85a2b40c,8e7a488b-cd48-4243-92b0-42792d0e3bc1,95.09,BUS
8e7a488b-cd48-4243-92b0-42792d0e3bc1,ba2b16a8-1273-45d2-8758-47b9694df9a6,106.34,BUS
ba2b16a8-1273-45d2-8758-47b9694df9a6,46847a61-d68a-4d2c-ad76-18e043d41430,95.09,BUS
46847a61-d68a-4d2c-ad76-18e043d41430,53c3c8c9-2e64-4a8f-9afb-031b24c17d5a,104.46,BUS
53c3c8c9-2e64-4a8f-9afb-031b24c17d5a,47637057-8d6a-4cf9-bd56-3ac90748fcc4,136.34,BUS
dc7b6fb3-15db-4c7e-9fa1-424943178ce6,fb0042f8-d9e2-4916-b60a-38a026acf0c9,147.07,BUS
fb0042f8-d9e2-4916-b60a-38a026acf0c9,cddb3822-7daf-4cae-9cc3-6b191e81326b,94.44,BUS
cddb3822-7daf-4cae-9cc3-6b191e81326b,392949a1-1ada-4196-9073-6f392638ca49,89.17,BUS
392949a1-1ada-4196-9073-6f392638ca49,7fad8003-fb10-489d-bf8d-6d433310ad90,235.49,BUS
454817d3-3750-49c7-994c-14d06fd2c634,609f0950-bb8c-4eaf-a931-8575b8aff1ac,125.69,BUS
609f0950-bb8c-4eaf-a931-8575b8aff1ac,07bad99d-070a-42f7-8766-d11d42152623,98.08,BUS
07bad99d-070a-42f7-8766-d11d42152623,cdabf1ea-b04c-480a-8359-72c46e6864ab,108.17,BUS
54c591c0-7bbb-4489-9229-57b18f95827a,938c9405-72bb-4acd-bace-a75abcf2f9cb,174.44,BUS
938c9405-72bb-4acd-bace-a75abcf2f9cb,a1406782-3114-407c-8e35-35bcf5a1234b,100.75,BUS
a1406782-3114-407c-8e35-35bcf5a1234b,fcec9e7a-1c9e-4214-96dd-d071550349e6,138.65,BUS
fcec9e7a-1c9e-4214-96dd-d071550349e6,61926b26-d777-483f-ae79-86766c48793b,115.49,BUS
61926b26-d777-483f-ae79-86766c48793b,a9473958-e505-4c16-8498-486b06a47856,141.8,BUS
a9473958-e505-4c16-8498-486b06a47856,d5735919-60bb-4720-a695-9f5155a4f109,112.33,BUS
d5735919-60bb-4720-a695-9f5155a4f109,06348c07-2fb0-4dfb-a938-aaef614a7f68,93.38,BUS
06348c07-2fb0-4dfb-a938-aaef614a7f68,d4c25d68-c340-431b-a646-7680fe0cefee,93.38,BUS
d4c25d68-c340-431b-a646-7680fe0cefee,ee03ecf6-db6d-4ecc-90cd-5b3afc8afb91,80.75,BUS
bf64b499-211b-4da8-ace2-f12a17608ae3,c124f317-217b-4b89-9597-393843de4f81,84.49,BUS
452bfd80-e8bd-470b-bc4a-981e1b37ffd7,7fa32ea0-e884-435a-a81c-51bbd5cedf3e,163.54,BUS
4062cd22-b67a-4235-9980-0178b7add592,12618339-2c2d-49ec-b0e0-2517c11991f8,124.29,BUS
12618339-2c2d-49ec-b0e0-2517c11991f8,6a0b25cc-428e-47b5-831a-e89facfa7f26,136.1,BUS
6a0b25cc-428e-47b5-831a-e89facfa7f26,f958cead-e4c3-4743-834d-46de4a06a8c9,73.38,BUS
f958cead-e4c3-4743-834d-46de4a06a8c9,b0b32562-f5dc-4183-abba-5729adf98088,121.56,BUS
b0b32562-f5dc-4183-abba-5729adf98088,1505c6fe-6080-424e-98d1-24c312cfacf3,128.83,BUS
1505c6fe-6080-424e-98d1-24c312cfacf3,7fcb0952-c77f-44b5-adf3-0aa2a2b8550a,191.56,BUS
769b7bc7-4f95-4bb2-9c99-37ba8e8b4bd5,6c56976b-4ae1-429f-bcab-0cfc37e3580d,86.63,BUS
6c56976b-4ae1-429f-bcab-0cfc37e3580d,216a26dc-11c2-432b-b099-0d55d508b7fa,66.63,BUS
216a26dc-11c2-432b-b099-0d55d508b7fa,8dde1a7b-e3ec-4675-8409-2a2c4ae696c7,126.24,BUS
8dde1a7b-e3ec-4675-8409-2a2c4ae696c7,a12ab184-fb4b-449f-9884-88e0a1672e64,110.51,BUS
a12ab184-fb4b-449f-9884-88e0a1672e64,b7834e14-7e86-4df5-83ce-006c93c31c00,83.72,BUS
b7834e14-7e86-4df5-83ce-006c93c31c00,64ea9f57-1f7f-465e-8721-55e26faee36a,78.47,BUS
64ea9f57-1f7f-465e-8721-55e26faee36a,94c6598b-7303-42e1-94d5-156d7a25f630,122.75,BUS
94c6598b-7303-42e1-94d5-156d7a25f630,889e3719-7d29-4888-b690-5a1531d2930e,90.71,BUS
889e3719-7d29-4888-b690-5a1531d2930e,b59656a4-b6e7-4b87-977c-078c59088a50,123.33,BUS
5bc3addd-b076-4c60-b850-39f90e674b75,f088dbda-3ab0-43c5-bcdf-c727725c05be,83.38,BUS
f088dbda-3ab0-43c5-bcdf-c727725c05be,8677848c-55dd-4af4-b275-3074a3ff4846,100.65,BUS
8677848c-55dd-4af4-b275-3074a3ff4846,d9df365b-7e54-4d22-b2e9-3b548d48ad59,114.29,BUS
d9df365b-7e54-4d22-b2e9-3b548d48ad59,b5273abc-dfeb-49a2-9607-249bf6415e4b,91.56,BUS
b5273abc-dfeb-49a2-9607-249bf6415e4b,46f20d33-601c-4ef6-b86c-7c2bb4af52fa,90.65,BUS
46f20d33-601c-4ef6-b86c-7c2bb4af52fa,0a4b6359-22f0-4caa-b4a8-f4edb97a0825,87.92,BUS
0a4b6359-22f0-4caa-b4a8-f4edb97a0825,9c17244c-0812-404b-b929-5cdc0591e421,69.74,BUS
9c17244c-0812-404b-b929-5cdc0591e421,404f8444-540d-4d82-a355-30a6a8bec797,78.83,BUS
404f8444-540d-4d82-a355-30a6a8bec797,c568fe2e-477f-4af2-ad68-cb8111f361d0,94.29,BUS
c568fe2e-477f-4af2-ad68-cb8111f361d0,6932c2e0-ff32-4170-b519-fba88e29c147,137.01,BUS
6932c2e0-ff32-4170-b519-fba88e29c147,f1b7471e-db71-49da-846d-1232cb3e8f8f,117.01,BUS
f1b7471e-db71-49da-846d-1232cb3e8f8f,ff1f708c-989e-4cc5-8e75-02717b5f9744,87.01,BUS
ff1f708c-989e-4cc5-8e75-02717b5f9744,ad966374-a37d-443a-9a3e-ec85ca28231f,97.92,BUS
ad966374-a37d-443a-9a3e-ec85ca28231f,0be237aa-4b91-4d2b-ac23-0cebac975a0d,141.56,BUS
0be237aa-4b91-4d2b-ac23-0cebac975a0d,5d7f28a6-2a2a-4333-aa06-48edfb652f86,169.6,BUS
318d4398-e152-498b-b4ff-1344c67adba6,106bdc28-f0fe-4f13-b4ad-6c6a630550b5,179.75,BUS
106bdc28-f0fe-4f13-b4ad-6c6a630550b5,2edaabef-ed43-4b87-ba95-a5600c33250f,80.04,BUS
2edaabef-ed43-4b87-ba95-a5600c33250f,cdbafa76-fd1b-45e0-bbd6-d6c1c6a141f9,112.69,BUS
cdbafa76-fd1b-45e0-bbd6-d6c1c6a141f9,f15ddf31-fc11-41ba-988d-376c83e38f58,118.87,BUS
5c8bdb89-116a-4d5d-9db1-9be443070380,010c271e-49ca-45a5-91ac-8ba8d41ee7f3,109.16,BUS
010c271e-49ca-45a5-91ac-8ba8d41ee7f3,93928408-7b36-41f9-9b62-fec53e14b4e2,104.75,BUS
93928408-7b36-41f9-9b62-fec53e14b4e2,ec88f05d-3035-4f09-8560-72571bc0b125,102.1,BUS
c627c9f2-af02-4d83-969a-566719bb09e3,a3aeed02-8e36-4cb0-bb08-25cc4afda164,37.31,BUS
a3aeed02-8e36-4cb0-bb08-25cc4afda164,7f510cd8-4742-4dcf-95c0-16cde39c2e26,140.84,BUS
7f510cd8-4742-4dcf-95c0-16cde39c2e26,84578591-7543-4105-8465-9df30256360d,93.78,BUS
84578591-7543-4105-8465-9df30256360d,4ac86a6a-874d-41a7-92a5-64ed733b7734,149.08,BUS
4ac86a6a-874d-41a7-92a5-64ed733b7734,3fbf6322-fb74-4a50-a81a-bfca73abc26b,92.61,BUS
3fbf6322-fb74-4a50-a81a-bfca73abc26b,0d50a4a8-a88d-4468-b562-73e51937e1c5,98.49,BUS
0d50a4a8-a88d-4468-b562-73e51937e1c5,05643914-8ff7-4064-8737-2761d44a083f,114.96,BUS
d987aa3a-ae4a-42f6-bc9b-79c41dcf055a,48b163cd-b819-4849-aee1-8b1da77657ab,193.12,BUS
df63651e-45ab-4487-9429-9e604415b35c,1e4be02a-ac61-41bc-b9b5-1ef7850313ed,190.67,BUS
1e4be02a-ac61-41bc-b9b5-1ef7850313ed,6330ad8d-b582-4c92-bc7e-d3f206264f04,90.26,BUS
6330ad8d-b582-4c92-bc7e-d3f206264f04,d83ec579-9ab5-4e30-bedd-86613c234abd,122.1,BUS
d83ec579-9ab5-4e30-bedd-86613c234abd,ac3afe7d-a2b3-4d5d-9e6a-1d2412a3bc70,131.9,BUS
0df2ffa6-b1c8-44d0-900c-8b23b37794df,5764ff17-c787-4918-b7bd-a2ed9c6d7dd1,125.71,BUS
e0bcd677-6012-4c90-a884-44dffafdffec,7c149b59-2bc6-45cb-95c8-69e18a0db627,73.42,BUS
48e907fd-e868-47cd-8cac-74c7d4582944,f073b9d9-a3e3-4d04-a209-0db55377b79e,122.25,BUS
f073b9d9-a3e3-4d04-a209-0db55377b79e,9b85d4b0-c594-4e0e-9ce2-d0986256c270,180.43,BUS
e6f5183b-c615-4f47-b4fb-204ee070e825,c9b2488c-cca9-4b84-83cb-638ef545c851,112.87,BUS
c9b2488c-cca9-4b84-83cb-638ef545c851,d72d58c2-b9a9-4dd5-b741-17e986d925c8,103.4,BUS
d72d58c2-b9a9-4dd5-b741-17e986d925c8,03375155-45fb-4565-b392-2349fcb199ea,114.77,BUS
03375155-45fb-4565-b392-2349fcb199ea,441545fb-7a0c-4555-aea8-01cbe6c14ea3,116.66,BUS
441545fb-7a0c-4555-aea8-01cbe6c14ea3,bbfc6d44-94da-4cfd-b22a-368a2b11ce20,82.08,BUS
bbfc6d44-94da-4cfd-b22a-368a2b11ce20,c32ef99a-6752-47fe-94eb-a5134c7110af,75.98,BUS
f1bc11ca-7516-447a-b826-7051c5306af7,9a938b49-ce1d-4e1c-a789-e316630ebc4f,165.53,BUS
9a938b49-ce1d-4e1c-a789-e316630ebc4f,f4cfd904-bd11-4247-95df-32c4555a930f,115.44,BUS
c0fb12dd-8cab-40da-a3aa-e8de9c6d09ed,25cde952-4896-4977-b229-75e09b3e3661,132.75,BUS
86a75ffc-a78f-401f-8991-2eb0371417b2,e9d9f622-7394-4c5c-9031-a41855a64aa7,154.7,BUS
3203d037-a222-4092-8dd6-e8dfcd49a2c9,a7094427-e180-4deb-acaf-5d4488326e9e,156.17,BUS
60ccc570-3714-410b-aa31-43d3a4c593c8,47a3bd8a-72ae-4e20-b43f-10bfaf49012c,177.1,BUS
47a3bd8a-72ae-4e20-b43f-10bfaf49012c,eb165f50-9c43-4b09-9658-469a16d3dc83,74.32,BUS
17f7d178-41b3-41f9-a545-cbfc22a0a5f1,bf64b499-211b-4da8-ace2-f12a17608ae3,102.1,BUS
c627c9f2-af02-4d83-969a-566719bb09e3,e26da28a-b9c3-41b8-b57f-87b289b38e08,128.57,BUS
e26da28a-b9c3-41b8-b57f-87b289b38e08,ae3f312a-4242-4a42-8df2-5990505a7747,188.57,BUS
ae3f312a-4242-4a42-8df2-5990505a7747,34f3ddda-e732-4b53-bfb2-8773b5cd6eac,188.57,BUS
34f3ddda-e732-4b53-bfb2-8773b5cd6eac,8a5febd6-d44a-4c98-a221-46044548663d,188.57,BUS
8a5febd6-d44a-4c98-a221-46044548663d,4d216485-ef41-45e7-9182-0c254644955c,378.57,BUS
666e98e1-4a23-4204-a3e6-99110f8b3153,259de009-1345-4169-920b-baeaceade993,193.57,BUS
259de009-1345-4169-920b-baeaceade993,9fa0b90f-dba1-4eca-8802-589425d3e8fd,213.57,BUS
9fa0b90f-dba1-4eca-8802-589425d3e8fd,c5527a65-5265-43de-b703-7c7d494d190c,188.57,BUS
c5527a65-5265-43de-b703-7c7d494d190c,1d62c3f1-903c-4350-a349-80c4573b3cdc,173.57,BUS
1d62c3f1-903c-4350-a349-80c4573b3cdc,b6816891-4b0d-4bda-8e12-176194efaefe,178.57,BUS
b6816891-4b0d-4bda-8e12-176194efaefe,be5fb719-eda2-4831-90c6-249248ea22dd,198.57,BUS
9bd3ee10-bc61-44e8-8cf3-a37cffd54da0,795c157e-21e0-4115-85aa-93c227e3420f,114.81,BUS
795c157e-21e0-4115-85aa-93c227e3420f,5930b5fe-26e2-4b69-bd1e-cdea021a0ab4,201.65,BUS
5930b5fe-26e2-4b69-bd1e-cdea021a0ab4,8d767444-3983-4409-bda1-d298b52c7bfe,94.29,BUS
8d767444-3983-4409-bda1-d298b52c7bfe,e73c7113-cb4a-4cd5-8df9-ffc5fd86590a,181.13,BUS
e73c7113-cb4a-4cd5-8df9-ffc5fd86590a,29096931-9d98-487f-bd0a-b0767611e561,110.08,BUS
29096931-9d98-487f-bd0a-b0767611e561,352f5cae-25c9-41c5-ab70-268bf64107f0,182.71,BUS
352f5cae-25c9-41c5-ab70-268bf64107f0,cec37fa8-0d4a-4e80-a259-2fa91b68463d,87.97,BUS
cec37fa8-0d4a-4e80-a259-2fa91b68463d,9143c575-806f-4ba0-81bc-8199f0b0b4d0,114.81,BUS
9143c575-806f-4ba0-81bc-8199f0b0b4d0,bc66f88b-1412-44cb-b921-030d27335261,245.86,BUS
a0e0a21b-b8ce-4d76-bbc2-04e179367fee,f07c916c-6fc6-4acf-a334-0ab0d3c4f57f,149.82,BUS
f07c916c-6fc6-4acf-a334-0ab0d3c4f57f,f14a6236-8af2-47bf-9270-432377662a63,123.01,BUS
306dcdea-b1ce-4357-ba5e-fa82293630df,8512e1be-4637-483b-a3e6-78ccc6d2c5b1,177.97,BUS
b4ffcb65-e60f-478d-806b-e7ae83f1a39d,9b9d2948-7538-409c-9bfc-42c0b74c41a8,28.57,BUS
9b9d2948-7538-409c-9bfc-42c0b74c41a8,98b60d07-8054-441a-be44-be7aa24f4253,124.13,BUS
98b60d07-8054-441a-be44-be7aa24f4253,f784b27a-1509-4eec-bd52-6beee2b9530b,96.32,BUS
f784b27a-1509-4eec-bd52-6beee2b9530b,95732ece-1658-4e11-9b5f-b6ae5552e638,50.56,BUS
95732ece-1658-4e11-9b5f-b6ae5552e638,524d67dd-fbb0-4f6a-9199-f095123044ab,133.02,BUS
524d67dd-fbb0-4f6a-9199-f095123044ab,cb05ea76-5fc1-4162-b432-a914b63604d0,85.24,BUS
cb05ea76-5fc1-4162-b432-a914b63604d0,1536cb2e-acd3-49cb-8f06-bb8cd40c0c02,95.24,BUS
1536cb2e-acd3-49cb-8f06-bb8cd40c0c02,093afa81-b65f-4182-bac3-afbc00558a9b,149.68,BUS
2c0475be-44e7-4f0f-a06d-2c1b4ca15677,627be449-8b6a-40f4-a57c-09ccdacccb66,38.67,BUS
627be449-8b6a-40f4-a57c-09ccdacccb66,31e6db90-ba65-4c49-90c0-317fb92596b3,95.88,BUS
31e6db90-ba65-4c49-90c0-317fb92596b3,e8d0bfd1-b300-4eae-8f85-79266066bb3c,115.42,BUS
e8d0bfd1-b300-4eae-8f85-79266066bb3c,76ec8af8-07c2-4d44-b0d8-a439d381913f,289.83,BUS
76ec8af8-07c2-4d44-b0d8-a439d381913f,b9edd39a-4f64-4553-869e-bb77e617b9b8,183.79,BUS
b9edd39a-4f64-4553-869e-bb77e617b9b8,9a1c4c65-df77-481f-87ad-56143f02a864,193.55,BUS
ca8cbe57-95dc-4326-9c06-b60a87b981b1,2a7d32ca-24a1-41ac-a273-0cbcdec59336,143.12,BUS
2a7d32ca-24a1-41ac-a273-0cbcdec59336,b2cf1f2c-3c77-4a23-891f-3cdbcda92f19,90.39,BUS
b2cf1f2c-3c77-4a23-891f-3cdbcda92f19,9c3d9f7c-69df-4a48-8f1a-d25e7a922ac3,121.3,BUS
9c3d9f7c-69df-4a48-8f1a-d25e7a922ac3,6739536d-b334-46c6-ae80-4890afac7985,137.66,BUS
6739536d-b334-46c6-ae80-4890afac7985,70231f13-be88-4e3a-a89a-5b4f436984d2,101.3,BUS
70231f13-be88-4e3a-a89a-5b4f436984d2,4a90e424-11ab-43a8-b7e9-1c4f42fe2b7c,139.48,BUS
4a90e424-11ab-43a8-b7e9-1c4f42fe2b7c,1907a46a-4559-43ec-8363-03fe35d30725,235.84,BUS
9cfac7e2-9653-4e52-a6d3-27756d27f817,dfde6478-02b5-471b-a470-29cb0e84542f,151.27,BUS
8fbf17ab-413b-442c-9c6a-0eb8873a4755,f73d3fb2-082c-4518-8af2-45de5490df4e,123.98,BUS
ee03ecf6-db6d-4ecc-90cd-5b3afc8afb91,c70ad4c4-6c37-4f31-83aa-921dc8bc15a4,28.12,BUS
c70ad4c4-6c37-4f31-83aa-921dc8bc15a4,1ef524bd-2bf3-4c47-add3-044374897443,142.86,BUS
1ef524bd-2bf3-4c47-add3-044374897443,ba681dbc-ea72-4685-ad98-c5ed496510e6,84.96,BUS
ba681dbc-ea72-4685-ad98-c5ed496510e6,476b2caa-710a-47fe-9743-4d75d7ada5fb,94.44,BUS
476b2caa-710a-47fe-9743-4d75d7ada5fb,1632ee87-59dd-4367-bf10-9d13aa688e82,139.7,BUS
1632ee87-59dd-4367-bf10-9d13aa688e82,37fc313d-1f45-49c9-9059-4f96f44a6682,155.49,BUS
37fc313d-1f45-49c9-9059-4f96f44a6682,5b184752-5bd2-43e3-9243-dfc8969d9065,104.96,BUS
5b184752-5bd2-43e3-9243-dfc8969d9065,bd001f58-6e58-49e9-877f-1fa36964fbc2,99.7,BUS
bd001f58-6e58-49e9-877f-1fa36964fbc2,98fa3880-5936-4ec8-ba04-39c7ff9a0e6a,164.96,BUS
cf6f67f5-f7df-4462-828b-481134217fad,ab4e1412-1ac4-4864-8833-c1ddf48bec20,168.33,BUS
ab4e1412-1ac4-4864-8833-c1ddf48bec20,4ca7ae7e-380b-45e3-81de-00ffab5bb531,118.67,BUS
02c61e3f-2d2e-4b42-b695-bbd3cc672f6b,dc7b6fb3-15db-4c7e-9fa1-424943178ce6,152.81,BUS
66a82f60-b1d1-4251-a715-178300014f18,192b7b6a-b138-4569-a4f3-86bef6b20810,202.19,BUS
192b7b6a-b138-4569-a4f3-86bef6b20810,fb0042f8-d9e2-4916-b60a-38a026acf0c9,153.98,BUS
fb0042f8-d9e2-4916-b60a-38a026acf0c9,5cc8a08d-c0af-491f-9a9c-b8b4f5f23bc0,147.55,BUS
5cc8a08d-c0af-491f-9a9c-b8b4f5f23bc0,d50b2bdb-481b-4e58-ada6-47a028fc6382,85.41,BUS
d50b2bdb-481b-4e58-ada6-47a028fc6382,15c71406-72b5-4681-8b1a-29eb30eb3f76,100.41,BUS
15c71406-72b5-4681-8b1a-29eb30eb3f76,f2b27cbd-5207-4281-8f67-6369d0c50a9b,163.62,BUS
16578e36-c682-4083-bd29-4973445dc0fe,38b3abed-0592-407b-96c3-85a026f2e192,129.88,BUS
ec88f05d-3035-4f09-8560-72571bc0b125,1069d764-9345-425d-8c4d-12d6ffa1fde1,83.03,BUS
1069d764-9345-425d-8c4d-12d6ffa1fde1,a769d1e9-8727-4190-b56c-5cdd8a49333d,83.03,BUS
a769d1e9-8727-4190-b56c-5cdd8a49333d,6459bd02-d8f8-413e-9402-10b916f09a4f,111.68,BUS
6459bd02-d8f8-413e-9402-10b916f09a4f,4ca9e64c-29ad-4391-a6f2-7e1ae022d5bf,111.07,BUS
4ca9e64c-29ad-4391-a6f2-7e1ae022d5bf,824255dc-9be8-4f7b-9b69-2bd4e5a3fc27,99.2,BUS
824255dc-9be8-4f7b-9b69-2bd4e5a3fc27,d7384760-d854-492d-87af-f342cab37fc1,88.28,BUS
d7384760-d854-492d-87af-f342cab37fc1,94712446-2421-4304-b4f1-3b3f82998713,82.69,BUS
94712446-2421-4304-b4f1-3b3f82998713,aa31554f-8623-42db-aedd-ad9a8f562e4c,96.81,BUS
aa31554f-8623-42db-aedd-ad9a8f562e4c,548a85bd-f15f-427b-ad90-43cb50e9e31a,132.1,BUS
548a85bd-f15f-427b-ad90-43cb50e9e31a,c6eab761-36e0-4bf8-88ed-48e594ed375b,107.39,BUS
c6eab761-36e0-4bf8-88ed-48e594ed375b,f33b721f-a8a3-4aad-96f2-077da09ebaa6,135.63,BUS
b905ae6a-f1e1-4057-8923-481902ed5a8e,fc3967fb-5520-4fff-a819-f625242182e5,190.86,BUS
fc3967fb-5520-4fff-a819-f625242182e5,3d8122ff-0840-4811-a5ad-c4702fc70269,117.98,BUS
3d8122ff-0840-4811-a5ad-c4702fc70269,4f681273-89fe-44f9-aaec-76950722cc52,85.34,BUS
4f681273-89fe-44f9-aaec-76950722cc52,eaad1ba5-14a4-494f-80ae-65294c29a962,101.22,BUS
eaad1ba5-14a4-494f-80ae-65294c29a962,07b4c585-66cf-49d7-906c-50f1122c8e9e,87.98,BUS
07b4c585-66cf-49d7-906c-50f1122c8e9e,43e01b7e-be2c-4282-be1b-9f628ca67327,125.92,BUS
43e01b7e-be2c-4282-be1b-9f628ca67327,896f7627-7c1c-4742-a40a-6aadb85fe206,111.81,BUS
896f7627-7c1c-4742-a40a-6aadb85fe206,28248670-5e08-4de2-8eab-e63933c0d61d,86.22,BUS
28248670-5e08-4de2-8eab-e63933c0d61d,97627b9b-fa2e-461a-97ea-a15df7599598,83.57,BUS
97627b9b-fa2e-461a-97ea-a15df7599598,3d2f3af0-3b48-4019-a861-ee4fff761a24,78.28,BUS
3d2f3af0-3b48-4019-a861-ee4fff761a24,edc8bf1d-d4f1-4c5b-8112-e4fa71a02bae,84.45,BUS
edc8bf1d-d4f1-4c5b-8112-e4fa71a02bae,bb1ac8b9-5cb2-49f2-8d5c-d7fe4afdd5dd,95.04,BUS
bb1ac8b9-5cb2-49f2-8d5c-d7fe4afdd5dd,dac8d2a7-89e4-4aec-948d-00db4833ce7c,67.69,BUS
dac8d2a7-89e4-4aec-948d-00db4833ce7c,e2d3c37e-a7df-458e-9e5a-ea33ccf4c11b,97.69,BUS
e2d3c37e-a7df-458e-9e5a-ea33ccf4c11b,5bc3addd-b076-4c60-b850-39f90e674b75,117.98,BUS
f5e84751-7377-402c-974c-53276e422e70,111b2cdc-67ca-47bc-a8eb-8a4c6a0674d9,223.93,BUS
111b2cdc-67ca-47bc-a8eb-8a4c6a0674d9,36c4949b-403b-4a76-87e3-d67f51d655ef,197.68,BUS
36c4949b-403b-4a76-87e3-d67f51d655ef,30e58784-86f6-4d93-8630-3cc3fc93c6f3,122.68,BUS
30e58784-86f6-4d93-8630-3cc3fc93c6f3,56dbd8ff-6ec8-4186-b46c-f74ddb5a304a,160.18,BUS
56dbd8ff-6ec8-4186-b46c-f74ddb5a304a,7e780e7f-3665-4ec7-a910-eaf6e9d82551,152.68,BUS
7e780e7f-3665-4ec7-a910-eaf6e9d82551,98239279-bb80-4070-965c-dc87525019e2,182.68,BUS
98239279-bb80-4070-965c-dc87525019e2,5a06b853-39a7-479d-ac40-fafa659fd896,163.93,BUS
5a06b853-39a7-479d-ac40-fafa659fd896,2154edb8-16e2-4334-8878-9e38abcdf06a,171.43,BUS
2154edb8-16e2-4334-8878-9e38abcdf06a,e1e80207-5c23-47c0-a63a-121003b22807,175.18,BUS
e1e80207-5c23-47c0-a63a-121003b22807,a112e799-e1b6-4dd2-b652-bd521dda7638,152.68,BUS
a112e799-e1b6-4dd2-b652-bd521dda7638,dfd33168-046e-49af-9428-b9394f98667c,178.93,BUS
dfd33168-046e-49af-9428-b9394f98667c,78c69686-64ed-437c-83b5-0e28733ed70c,182.68,BUS
78c69686-64ed-437c-83b5-0e28733ed70c,35aedf45-cca3-4f2f-931b-138d29d20fe9,201.43,BUS
35aedf45-cca3-4f2f-931b-138d29d20fe9,e8d0bfd1-b300-4eae-8f85-79266066bb3c,227.68,BUS
e8d0bfd1-b300-4eae-8f85-79266066bb3c,01bc5983-63a7-4184-9986-32e5a5320684,276.43,BUS
01bc5983-63a7-4184-9986-32e5a5320684,45bff76d-bb00-455b-aa12-7ea49ad9a4f0,186.43,BUS
45bff76d-bb00-455b-aa12-7ea49ad9a4f0,81a7167c-7913-442e-96c5-20dc6e25d74b,111.43,BUS
81a7167c-7913-442e-96c5-20dc6e25d74b,af820908-f71f-4c46-82c2-e7616f9c21fb,145.18,BUS
af820908-f71f-4c46-82c2-e7616f9c21fb,acedfed0-a3ba-4fa3-8cd6-910783961f0a,220.18,BUS
acedfed0-a3ba-4fa3-8cd6-910783961f0a,7b687edb-dc47-4b68-a13e-34713cababe9,171.43,BUS
7b687edb-dc47-4b68-a13e-34713cababe9,bea9f247-4e88-4d7c-9387-8cd9342acb8c,148.93,BUS
bea9f247-4e88-4d7c-9387-8cd9342acb8c,0be53afd-2427-49b2-b70c-2ee3d89e9762,208.93,BUS
d9f26e1a-77fc-48b0-a024-93fd38eb88a4,4e8ccfa1-b58c-4ee1-ad82-2e8a645071f3,95.57,BUS
4e8ccfa1-b58c-4ee1-ad82-2e8a645071f3,ba6f47bf-d346-4ccb-8669-13b974d863a6,57.18,BUS
ba6f47bf-d346-4ccb-8669-13b974d863a6,9a14b0ec-f13a-46f0-8c4f-07d8b99241e2,108.61,BUS
9a14b0ec-f13a-46f0-8c4f-07d8b99241e2,d4c51b31-46fd-4da8-ba15-8068e666d483,62.93,BUS
d4c51b31-46fd-4da8-ba15-8068e666d483,6afef238-01cd-4ad0-859d-2056b5d4a63f,103.07,BUS
6afef238-01cd-4ad0-859d-2056b5d4a63f,dadea785-0c6b-4054-9882-37227de3df4b,98.57,BUS
dadea785-0c6b-4054-9882-37227de3df4b,e0c253d0-1de7-4add-ac75-8b16151fa462,103.07,BUS
e0c253d0-1de7-4add-ac75-8b16151fa462,7558099b-08a3-43bc-8056-49bcc5900a03,133.07,BUS
7558099b-08a3-43bc-8056-49bcc5900a03,d3a6cbf3-65f0-4db8-9a10-1460763eac8e,125.57,BUS
d3a6cbf3-65f0-4db8-9a10-1460763eac8e,930fed8f-1d4d-40c6-9a3b-53697263a0f2,112.07,BUS
930fed8f-1d4d-40c6-9a3b-53697263a0f2,ef31a8be-b01d-44cd-95cf-3db8e918af26,100.07,BUS
ef31a8be-b01d-44cd-95cf-3db8e918af26,2e6c059c-0305-47bb-9ca8-00a2123039e9,154.07,BUS
2e6c059c-0305-47bb-9ca8-00a2123039e9,d867fec1-5147-43db-b004-08d2797f50e3,112.07,BUS
d867fec1-5147-43db-b004-08d2797f50e3,923bd774-0651-4e0a-8624-3acfb7ecd5ff,125.57,BUS
03375155-45fb-4565-b392-2349fcb199ea,d98335a0-1291-4d4c-be62-16b11c356575,149.52,BUS
7fcb0952-c77f-44b5-adf3-0aa2a2b8550a,5de6ff80-1352-43df-b5ec-1df59f2f492b,146.61,BUS
5de6ff80-1352-43df-b5ec-1df59f2f492b,aee8e842-6083-48a7-b14f-cc3d112537bb,160.04,BUS
aee8e842-6083-48a7-b14f-cc3d112537bb,7962e05c-ad8c-43e4-9db4-4b90f0c94596,100.04,BUS
7962e05c-ad8c-43e4-9db4-4b90f0c94596,b60d686c-3b89-447c-93f6-2837d9af3d02,88.4,BUS
b60d686c-3b89-447c-93f6-2837d9af3d02,f2920a77-6c6c-494d-96b7-2a8caf8f374f,89.3,BUS
f2920a77-6c6c-494d-96b7-2a8caf8f374f,fef200e9-4d98-425b-ab14-8110e2aa85d7,172.58,BUS
87415b6b-7e7f-4b82-b78f-ef1a7db85282,9b4a7d21-709f-4462-b602-c77d975df9e7,208.57,BUS
9b4a7d21-709f-4462-b602-c77d975df9e7,406d6bb7-147c-4853-a917-e5c437b025e6,198.57,BUS
406d6bb7-147c-4853-a917-e5c437b025e6,da9650a3-6ec7-4cdb-95f2-a68851587dfc,198.57,BUS
da9650a3-6ec7-4cdb-95f2-a68851587dfc,fd0e405e-d5e5-45fc-8911-e48a178ad4a9,258.57,BUS
fd0e405e-d5e5-45fc-8911-e48a178ad4a9,2fafda56-e44d-4e08-8503-90e6bf75e19d,213.57,BUS
2fafda56-e44d-4e08-8503-90e6bf75e19d,7add6fa5-bfd5-4d9c-841b-d9856088ede9,218.57,BUS
7add6fa5-bfd5-4d9c-841b-d9856088ede9,26ec9924-5586-4fd5-8b20-63f2d0a38d44,238.57,BUS
26ec9924-5586-4fd5-8b20-63f2d0a38d44,332abe37-33b8-4142-9edd-4ebd9e52eaf7,258.57,BUS
332abe37-33b8-4142-9edd-4ebd9e52eaf7,278a9d60-64c7-4bfa-aad0-24068aa760af,233.57,BUS
278a9d60-64c7-4bfa-aad0-24068aa760af,2265e4de-a537-4f97-882b-c94c24aabfb0,273.57,BUS
2265e4de-a537-4f97-882b-c94c24aabfb0,80c65758-5f25-4003-8d55-10ff96fe8310,404.57,BUS
80c65758-5f25-4003-8d55-10ff96fe8310,d4c51b31-46fd-4da8-ba15-8068e666d483,387.14,BUS
d4c51b31-46fd-4da8-ba15-8068e666d483,27788b38-4743-4e04-9b9c-94faeeeb2d34,105.31,BUS
27788b38-4743-4e04-9b9c-94faeeeb2d34,ee7e3c65-72e8-465e-a9a3-a9370ec1f314,95.31,BUS
ee7e3c65-72e8-465e-a9a3-a9370ec1f314,9e109242-5aad-4fb7-b0c8-576eef8aa4e0,78.16,BUS
fcccf4af-4f16-4edc-ba5a-585c434593fe,6559d555-672b-4633-8a81-0ae68fb963eb,200.2,BUS
6559d555-672b-4633-8a81-0ae68fb963eb,a4545f57-dab0-4ca0-9da3-5bc96d80f104,103.88,BUS
bb995fbb-29c8-4035-9503-ae33320833a8,1b0f629f-acdb-4e94-8c54-018f4334ebf7,445.71,BUS
1b0f629f-acdb-4e94-8c54-018f4334ebf7,3f0c15b3-99bd-4c12-8f7a-df06c9536526,400.41,BUS
3f0c15b3-99bd-4c12-8f7a-df06c9536526,030363e5-99a3-401f-96db-a16a340ace21,383.27,BUS
030363e5-99a3-401f-96db-a16a340ace21,7554bb81-1144-4263-999d-f6e358d808fe,263.27,BUS
7554bb81-1144-4263-999d-f6e358d808fe,271db19a-744b-41a0-869d-0c3e0e2cb6bf,374.69,BUS
271db19a-744b-41a0-869d-0c3e0e2cb6bf,12304b99-9a07-485a-a101-eaca90495d48,288.98,BUS
12304b99-9a07-485a-a101-eaca90495d48,9e0942f3-2c18-4891-9b51-9d95cc43af7a,260.26,BUS
9e0942f3-2c18-4891-9b51-9d95cc43af7a,1b27d65a-1008-4bc9-928e-f6cb43b03804,205.71,BUS
1b27d65a-1008-4bc9-928e-f6cb43b03804,a33e6b1f-de56-43aa-9a52-f7064636ab79,260.26,BUS
a33e6b1f-de56-43aa-9a52-f7064636ab79,65a6b01d-c9cf-4d4e-930c-5562156d7375,222.08,BUS
65a6b01d-c9cf-4d4e-930c-5562156d7375,d7d43617-ef41-4f9e-bbad-670d515d926a,189.35,BUS
d7d43617-ef41-4f9e-bbad-670d515d926a,51e04e1d-9ea1-432d-8b79-09e6c2a7be7b,320.26,BUS
51e04e1d-9ea1-432d-8b79-09e6c2a7be7b,6d344016-1b93-4ff7-80a8-8cde0b57bd1c,227.53,BUS
6d344016-1b93-4ff7-80a8-8cde0b57bd1c,7276f267-9837-4c56-aad3-f8cd555060da,271.17,BUS
7276f267-9837-4c56-aad3-f8cd555060da,d4d4230a-5247-4071-baa4-463321d9d934,238.44,BUS
d4d4230a-5247-4071-baa4-463321d9d934,a2b5023d-5ce8-420f-ad2a-b61c7a1902a8,287.53,BUS
a2b5023d-5ce8-420f-ad2a-b61c7a1902a8,cf94d70f-d211-4625-9037-014514562aa9,396.62,BUS
cf94d70f-d211-4625-9037-014514562aa9,4d57f6bd-7ba7-4f07-8aa1-ecac0b09e8db,276.62,BUS
97788808-915f-4405-b54e-7ec5f95f7330,294c40c4-18e4-4d92-a947-911a8623de89,188.57,BUS
294c40c4-18e4-4d92-a947-911a8623de89,1505c6fe-6080-424e-98d1-24c312cfacf3,223.57,BUS
1505c6fe-6080-424e-98d1-24c312cfacf3,c3534bc6-7bfd-43be-b46a-2b0fced57ab8,243.57,BUS
c3534bc6-7bfd-43be-b46a-2b0fced57ab8,f11e48f8-4133-4c36-a36f-73b4f33d9592,248.57,BUS
f11e48f8-4133-4c36-a36f-73b4f33d9592,41c8c7eb-62ef-45d8-b5b1-221dd3c0022c,213.57,BUS
41c8c7eb-62ef-45d8-b5b1-221dd3c0022c,72e6ae6e-bd4b-4946-a032-7ff9b8b41039,238.57,BUS
72e6ae6e-bd4b-4946-a032-7ff9b8b41039,c297ac70-8f43-4fbc-a8a4-366ddb883a8d,253.57,BUS
da656f17-9723-4cbe-a008-823cbad17c28,6c56976b-4ae1-429f-bcab-0cfc37e3580d,233.57,BUS
216a26dc-11c2-432b-b099-0d55d508b7fa,66eec6a2-dfde-4d98-b690-e47f200367fd,233.57,BUS
66eec6a2-dfde-4d98-b690-e47f200367fd,b7b7ac00-59bb-41eb-833d-ad309d24e68a,258.57,BUS
379bc761-04b5-4227-be76-3b870fe3e69f,88cdd36c-03d2-4374-a22f-110dd9f75ea0,138.98,BUS
2bf898b0-1247-4e84-87e2-2e044e580c8f,a0e0a21b-b8ce-4d76-bbc2-04e179367fee,165.77,BUS
cdabf1ea-b04c-480a-8359-72c46e6864ab,1ce1c3a8-e0f6-4f90-b1aa-1448759d8b3c,145.41,BUS
1ce1c3a8-e0f6-4f90-b1aa-1448759d8b3c,3866c761-7fa4-4a4a-b913-75569da498d9,192.55,BUS
3866c761-7fa4-4a4a-b913-75569da498d9,8d775324-59ca-429e-ad7e-8d522c52dbdd,138.98,BUS
8d775324-59ca-429e-ad7e-8d522c52dbdd,9cfac7e2-9653-4e52-a6d3-27756d27f817,135.77,BUS
b8533150-cf69-441a-8fc4-18f39cbef16b,db13a26e-19d4-4b8a-a78a-01ef25d58834,77.14,BUS
a7af0c5d-2297-40e2-a6e0-506f6aadba0a,476c1b24-6f2f-4727-b610-645c50493814,122.14,BUS
476c1b24-6f2f-4727-b610-645c50493814,1f4702d4-6b02-4ad3-aa9b-118ff9aa3474,245.14,BUS
1f4702d4-6b02-4ad3-aa9b-118ff9aa3474,4a74b966-4fbf-41ab-8e1b-276f3f14fc49,128.14,BUS
4a74b966-4fbf-41ab-8e1b-276f3f14fc49,10d57057-b305-4b7a-806b-3373014db962,137.14,BUS
10d57057-b305-4b7a-806b-3373014db962,596e3cfe-bd4c-4afa-ba4c-33172dba9be1,200.14,BUS
596e3cfe-bd4c-4afa-ba4c-33172dba9be1,2c87f988-902b-4b35-91da-5437a58759f5,122.14,BUS
2c87f988-902b-4b35-91da-5437a58759f5,2cde6efe-5f53-44aa-8018-76f0ea2c86f8,254.14,BUS
2cde6efe-5f53-44aa-8018-76f0ea2c86f8,b47eac47-d897-4ba7-ab06-8e642cc8efe8,191.73,BUS
b47eac47-d897-4ba7-ab06-8e642cc8efe8,363564a6-9938-4bf5-8928-1cd191e9c2ef,194.89,BUS
363564a6-9938-4bf5-8928-1cd191e9c2ef,c71e1e0c-780a-4d46-8b33-09aebbbcfcd8,229.62,BUS
c71e1e0c-780a-4d46-8b33-09aebbbcfcd8,bf990a3a-96e9-42b7-9147-33e85bd24c05,172.78,BUS
bf990a3a-96e9-42b7-9147-33e85bd24c05,62b17644-b4a6-412f-9e03-79bbaf339717,153.83,BUS
62b17644-b4a6-412f-9e03-79bbaf339717,c20233f2-94bc-4c21-9d2a-9b129b668487,144.36,BUS
c20233f2-94bc-4c21-9d2a-9b129b668487,233daca5-913b-4e10-bf34-18b1c8c77019,125.41,BUS
233daca5-913b-4e10-bf34-18b1c8c77019,7d003bd3-5fae-4076-b952-9f734651720f,134.89,BUS
7d003bd3-5fae-4076-b952-9f734651720f,efecc3aa-ae68-4374-bc24-334280abcf3f,122.26,BUS
efecc3aa-ae68-4374-bc24-334280abcf3f,ef3024a8-1d7f-4cf5-ad3b-74528eaa9c51,182.26,BUS
ef3024a8-1d7f-4cf5-ad3b-74528eaa9c51,121b30dc-065b-4c76-aad2-a54a85c74d4d,134.89,BUS
121b30dc-065b-4c76-aad2-a54a85c74d4d,815a2c5e-19a1-41b0-bca4-69dca8912326,147.52,BUS
815a2c5e-19a1-41b0-bca4-69dca8912326,f496ecc3-28fe-4361-9da8-428bbf3bd672,185.41,BUS
f496ecc3-28fe-4361-9da8-428bbf3bd672,9bd3ee10-bc61-44e8-8cf3-a37cffd54da0,163.31,BUS
e4635b94-348c-4c69-be85-1160488e5e43,69f98a9c-d52d-423a-b44e-89b6320a7a88,111.43,BUS
69f98a9c-d52d-423a-b44e-89b6320a7a88,abc9fd26-5442-468b-93b6-4d5eb76d0f1f,150.56,BUS
abc9fd26-5442-468b-93b6-4d5eb76d0f1f,223f660b-c391-4120-bf3c-7bf06781686b,192.3,BUS
223f660b-c391-4120-bf3c-7bf06781686b,47a3bd8a-72ae-4e20-b43f-10bfaf49012c,192.3,BUS
8598b85d-3e1d-4767-b72f-0c209038841f,eb669f04-cfb6-4ea4-90c9-26eb551ecb45,147.95,BUS
eb669f04-cfb6-4ea4-90c9-26eb551ecb45,a6b87518-2a7f-4505-898f-245ebe23c909,200.12,BUS
a6b87518-2a7f-4505-898f-245ebe23c909,f66a1f18-4c18-4317-b929-fb616cc7cebc,213.17,BUS
f66a1f18-4c18-4317-b929-fb616cc7cebc,f0661242-947b-4937-a9ce-d2a135cd62a7,111.43,BUS
f0661242-947b-4937-a9ce-d2a135cd62a7,5aeac892-889f-4c5a-8fde-67e6ac096242,158.39,BUS
5aeac892-889f-4c5a-8fde-67e6ac096242,15eaf9b9-db6d-4586-9ad2-5bfa99719bfd,93.17,BUS
15eaf9b9-db6d-4586-9ad2-5bfa99719bfd,aa113271-655f-423f-ad7e-4cfaba2eb739,114.04,BUS
aa113271-655f-423f-ad7e-4cfaba2eb739,2188a1bc-ce7a-4450-bd4f-871538578244,134.91,BUS
2188a1bc-ce7a-4450-bd4f-871538578244,1035c6f7-304e-4329-a3b2-4eb5d985a577,114.04,BUS
1035c6f7-304e-4329-a3b2-4eb5d985a577,4e8ccfa1-b58c-4ee1-ad82-2e8a645071f3,132.3,BUS
3f996624-8134-4eec-9742-70111db659c1,1b3d51e8-8b5e-4b31-a63e-9d665243c2f1,89.69,BUS
1b3d51e8-8b5e-4b31-a63e-9d665243c2f1,d3a06374-ab12-456b-9c00-55461af341fa,84.96,BUS
d3a06374-ab12-456b-9c00-55461af341fa,9845a6f7-ba79-4f3d-b6ae-969651ef6001,81.8,BUS
9845a6f7-ba79-4f3d-b6ae-969651ef6001,e786b2df-34ed-4246-832e-7c3d538ac1f4,80.75,BUS
e786b2df-34ed-4246-832e-7c3d538ac1f4,609f0950-bb8c-4eaf-a931-8575b8aff1ac,114.44,BUS
609f0950-bb8c-4eaf-a931-8575b8aff1ac,5d1e404b-1606-457e-8d2b-4e3e80139532,151.28,BUS
5d1e404b-1606-457e-8d2b-4e3e80139532,a2ce7e6f-0f99-443a-a973-81a0b9c60261,189.17,BUS
eb43a68a-54a5-4a37-b090-1329e2b4d830,61485a1f-73a8-4dac-bcc7-6e4e53eb4b0f,30.86,BUS
61485a1f-73a8-4dac-bcc7-6e4e53eb4b0f,3f37b298-896a-40be-b2f5-6fe8154756c4,90.86,BUS
3f37b298-896a-40be-b2f5-6fe8154756c4,363e4763-df83-4814-99d2-879d448d5910,76.46,BUS
363e4763-df83-4814-99d2-879d448d5910,c6c83930-96af-4cbe-93bf-072a618502a4,124.46,BUS
c6c83930-96af-4cbe-93bf-072a618502a4,862efb04-bcf5-493a-929d-242fb91ba5f6,112.46,BUS
862efb04-bcf5-493a-929d-242fb91ba5f6,6bd46cb7-9e5d-453a-878a-bcc38fb2a5f2,141.26,BUS
9a480b5e-0283-4130-a5e2-9d5e996caa4f,bd6d732b-65aa-4b59-be82-6ce1301e70d5,149.64,BUS
c32ef99a-6752-47fe-94eb-a5134c7110af,e78f256e-7218-4263-87b9-255bd90c9f49,34.15,BUS
e78f256e-7218-4263-87b9-255bd90c9f49,7b822496-7ea4-4ce8-b78c-1d021c68a9ed,91.19,BUS
7b822496-7ea4-4ce8-b78c-1d021c68a9ed,1e157c31-d34d-4c2e-91b4-8c000c88f6dd,140.37,BUS
1e157c31-d34d-4c2e-91b4-8c000c88f6dd,521edd75-c364-480a-af9e-a1c9815b6dd7,114.43,BUS
521edd75-c364-480a-af9e-a1c9815b6dd7,cdabf1ea-b04c-480a-8359-72c46e6864ab,186.43,BUS
9b85d4b0-c594-4e0e-9ce2-d0986256c270,717dda7e-d793-4697-8f60-b64ee8b1edc4,158.35,BUS
76f20fbf-afc4-4c7d-b51c-14f0878b38d8,783196f2-97cd-4265-bb9a-b13aa8bb6a0b,82.69,BUS
783196f2-97cd-4265-bb9a-b13aa8bb6a0b,4682c5fd-08cb-4af1-a3e2-6f1ee880a52d,119.41,BUS
4682c5fd-08cb-4af1-a3e2-6f1ee880a52d,cee2862b-9b70-4880-8fa3-16c6d2efae1b,150.44,BUS
7fdce743-a4be-44d7-8658-0a259a18ad30,6459bd02-d8f8-413e-9402-10b916f09a4f,185.62,BUS
d7384760-d854-492d-87af-f342cab37fc1,c15a2be8-fc53-427d-9cc6-a50bb305f68d,220.79,BUS
c15a2be8-fc53-427d-9cc6-a50bb305f68d,98a94a2a-894f-4ff0-9967-1dd986bf0cfd,224.93,BUS
98a94a2a-894f-4ff0-9967-1dd986bf0cfd,52e5adea-e194-4fc1-809c-1d6421f8f8db,140.1,BUS
52e5adea-e194-4fc1-809c-1d6421f8f8db,ac3afe7d-a2b3-4d5d-9e6a-1d2412a3bc70,143.25,BUS
ac3afe7d-a2b3-4d5d-9e6a-1d2412a3bc70,77dcd833-fa4d-4c5a-93b1-31284942e61d,220.84,BUS
f2bac6f5-5bbc-4f15-acdd-014d86770ce9,099976aa-17cc-45d3-add4-267985ab1533,134.96,BUS
099976aa-17cc-45d3-add4-267985ab1533,b91edda3-a147-4599-bebf-85e145de085b,254.96,BUS
b91edda3-a147-4599-bebf-85e145de085b,7a256ec6-bb93-47eb-af92-ea62941c1dc6,184.37,BUS
7a256ec6-bb93-47eb-af92-ea62941c1dc6,245bb1a4-ea6e-45b4-8331-b50983655326,100.84,BUS
245bb1a4-ea6e-45b4-8331-b50983655326,0be237aa-4b91-4d2b-ac23-0cebac975a0d,180.84,BUS
295616c0-387b-4f60-a337-7743cd6be04e,db9f7130-0bc2-4f3e-b8cd-07cfe96b1f8f,226.72,BUS
f33b721f-a8a3-4aad-96f2-077da09ebaa6,7eb88e01-82e9-4af4-84d0-69c6ea9dc82c,207.1,BUS
cf6f67f5-f7df-4462-828b-481134217fad,0b6960bb-2431-48c3-9e64-3cbf5c57ea96,166.49,BUS
0b6960bb-2431-48c3-9e64-3cbf5c57ea96,f4c5028b-48a4-4d0e-a91c-81a858923ddd,100.39,BUS
f4c5028b-48a4-4d0e-a91c-81a858923ddd,c6dd10bd-c21f-4a0c-9c7d-99e488a173d4,228.19,BUS
c6dd10bd-c21f-4a0c-9c7d-99e488a173d4,7ba233b7-a50a-497d-8135-dd8dabf93ff5,124.4,BUS
7ba233b7-a50a-497d-8135-dd8dabf93ff5,b4b7f450-4397-42d2-9d1e-39f786eecc2e,80.62,BUS
b4b7f450-4397-42d2-9d1e-39f786eecc2e,a8af1032-30bf-4f7b-a921-28d2f712fd24,158.46,BUS
a8af1032-30bf-4f7b-a921-28d2f712fd24,aa9cc3b9-7c6c-4e45-b91a-1e0494fbf15e,117.92,BUS
aa9cc3b9-7c6c-4e45-b91a-1e0494fbf15e,cf22c7c2-776f-4bd7-ae1a-dc4f25983c19,195.75,BUS
cf22c7c2-776f-4bd7-ae1a-dc4f25983c19,2323bf9e-1a47-4409-b9c8-398a035c8d12,95.21,BUS
2323bf9e-1a47-4409-b9c8-398a035c8d12,df973089-967d-4446-916c-260e9e8fec83,168.19,BUS
df973089-967d-4446-916c-260e9e8fec83,9bd3ee10-bc61-44e8-8cf3-a37cffd54da0,160.08,BUS
db9f7130-0bc2-4f3e-b8cd-07cfe96b1f8f,c87db9be-1fba-4102-a743-0ee4317dd5af,134.67,BUS
fc3967fb-5520-4fff-a819-f625242182e5,ee3713fe-016c-47eb-96d1-f760c9d19010,148.52,BUS
ee3713fe-016c-47eb-96d1-f760c9d19010,01d1f388-d915-4e9f-bc3d-4432a73a216e,119.67,BUS
01d1f388-d915-4e9f-bc3d-4432a73a216e,bc19ad1c-00fc-47f1-926e-ddeb12f686ba,142.75,BUS
bc19ad1c-00fc-47f1-926e-ddeb12f686ba,e3321752-4498-4da3-801c-d54920b22eba,267.36,BUS
e3321752-4498-4da3-801c-d54920b22eba,4038e02e-f22f-4af0-ba4f-7aab855b53af,134.67,BUS
4038e02e-f22f-4af0-ba4f-7aab855b53af,dfde6478-02b5-471b-a470-29cb0e84542f,183.13,BUS
783196f2-97cd-4265-bb9a-b13aa8bb6a0b,1e157c31-d34d-4c2e-91b4-8c000c88f6dd,151.87,BUS
a7094427-e180-4deb-acaf-5d4488326e9e,3edd6057-3847-4c42-b8ec-6e89ff95793a,138.57,BUS
3edd6057-3847-4c42-b8ec-6e89ff95793a,d9df1ba3-6820-4fcb-b561-9cb7a60dd463,188.57,BUS
d9df1ba3-6820-4fcb-b561-9cb7a60dd463,eee355cc-98a1-4f25-8bf9-0100856eda6e,188.57,BUS
eee355cc-98a1-4f25-8bf9-0100856eda6e,754e8f1f-a5ba-4281-8f31-fb3357744cd2,163.57,BUS
754e8f1f-a5ba-4281-8f31-fb3357744cd2,5d91512b-af7f-4bbe-9dde-17f402fbf590,188.57,BUS
5d91512b-af7f-4bbe-9dde-17f402fbf590,5293859e-2ea2-4ad3-9781-884672606464,208.57,BUS
5293859e-2ea2-4ad3-9781-884672606464,548dbdee-83b0-497b-acc1-e15b34899d42,223.57,BUS
548dbdee-83b0-497b-acc1-e15b34899d42,d08c4884-9764-447f-9b79-0ef7a645222f,138.57,BUS
d08c4884-9764-447f-9b79-0ef7a645222f,1dc99fbb-5496-4aab-a4b6-32e653ccc789,213.57,BUS
1dc99fbb-5496-4aab-a4b6-32e653ccc789,5a89967e-5654-49f6-84ca-59f7f9035444,203.57,BUS
5a89967e-5654-49f6-84ca-59f7f9035444,66012072-6b6b-4775-8001-0887d18e09a3,188.57,BUS
66012072-6b6b-4775-8001-0887d18e09a3,e8b0d4a2-f65e-4aed-97b8-77ab0d07955a,218.57,BUS
e8b0d4a2-f65e-4aed-97b8-77ab0d07955a,8648bfde-9b0f-4a64-aced-fe63aa923879,188.57,BUS
8648bfde-9b0f-4a64-aced-fe63aa923879,30cf2ed7-2cf0-4764-ab64-78206968d5ba,168.57,BUS
30cf2ed7-2cf0-4764-ab64-78206968d5ba,d06c6c8a-c136-4b7a-9c13-b26ba0c04029,388.57,BUS
d06c6c8a-c136-4b7a-9c13-b26ba0c04029,235d7e56-4520-4691-b7d9-7588f7306e1d,158.57,BUS
235d7e56-4520-4691-b7d9-7588f7306e1d,bfcba499-ce46-41b0-8268-966d74eccb20,183.57,BUS
bfcba499-ce46-41b0-8268-966d74eccb20,271db19a-744b-41a0-869d-0c3e0e2cb6bf,143.57,BUS
271db19a-744b-41a0-869d-0c3e0e2cb6bf,e468b92f-fa4a-4819-bb11-37761deaf4ca,173.57,BUS
f73d3fb2-082c-4518-8af2-45de5490df4e,52e5adea-e194-4fc1-809c-1d6421f8f8db,86.6,BUS
76f20fbf-afc4-4c7d-b51c-14f0878b38d8,4abe5e63-5707-4ef0-acda-ab2c52749afe,130.13,BUS
4abe5e63-5707-4ef0-acda-ab2c52749afe,e786b2df-34ed-4246-832e-7c3d538ac1f4,132.86,BUS
e786b2df-34ed-4246-832e-7c3d538ac1f4,1b3ddeca-a066-43ee-9ae5-8339628129c2,162.86,BUS
f4c5028b-48a4-4d0e-a91c-81a858923ddd,32ff2d5b-61ae-415b-941b-aeb1be1b5052,171.04,BUS
32ff2d5b-61ae-415b-941b-aeb1be1b5052,a7094427-e180-4deb-acaf-5d4488326e9e,173.77,BUS
71480129-1108-4659-bb1b-d62897a81d02,1eadcdb9-60cd-47c9-8eec-527c3465a685,149.22,BUS
be5fb719-eda2-4831-90c6-249248ea22dd,666bd186-7a9a-4e20-a466-e7b1918dda9b,140.26,BUS
666bd186-7a9a-4e20-a466-e7b1918dda9b,29336b94-2382-46dd-b2e6-4590dd689640,200.26,BUS
29336b94-2382-46dd-b2e6-4590dd689640,b5400e28-b0c3-4a02-9da2-084c465bd1d3,194.81,BUS
b5400e28-b0c3-4a02-9da2-084c465bd1d3,311a0b74-0787-484b-b414-8adf1cd4cf58,194.81,BUS
311a0b74-0787-484b-b414-8adf1cd4cf58,592b37eb-8255-4758-ae8a-7cef98521013,243.9,BUS
6bd46cb7-9e5d-453a-878a-bcc38fb2a5f2,5881f75e-9383-49b0-811d-04c864ba1605,407.53,BUS
5881f75e-9383-49b0-811d-04c864ba1605,e2499103-6634-4d8e-87a8-68dc5ef6340c,172.99,BUS
e2499103-6634-4d8e-87a8-68dc5ef6340c,d9224caa-d582-4152-88e0-be720677fe16,189.35,BUS
d9224caa-d582-4152-88e0-be720677fe16,3febe187-31d6-4229-be07-78ff782ca972,194.81,BUS
3febe187-31d6-4229-be07-78ff782ca972,c627c9f2-af02-4d83-969a-566719bb09e3,167.53,BUS
24df120e-0d0c-4353-8dda-c7ef0dc3dd5c,91fb6c6e-49cf-49d3-97d4-6ae228f9bfa1,377.14,BUS
91fb6c6e-49cf-49d3-97d4-6ae228f9bfa1,a5eb15d2-f0cb-46a6-b888-6a9aad6bc5b6,266.37,BUS
a5eb15d2-f0cb-46a6-b888-6a9aad6bc5b6,45b36327-9a1a-4cd5-8261-53217326b22f,224.84,BUS
45b36327-9a1a-4cd5-8261-53217326b22f,fbd1dfb0-4a6f-4160-ad52-5ccb69530195,270.99,BUS
fbd1dfb0-4a6f-4160-ad52-5ccb69530195,7e0c8a32-21cb-46dc-8e50-9c4675dfa322,210.99,BUS
7e0c8a32-21cb-46dc-8e50-9c4675dfa322,ee095f27-439e-42e7-9e5c-e77b0903c31f,206.37,BUS
ee095f27-439e-42e7-9e5c-e77b0903c31f,c31b32c6-1ec2-48e9-9929-356fd0253540,210.99,BUS
c31b32c6-1ec2-48e9-9929-356fd0253540,8d5e4aed-59fb-47c9-8559-5bf11b7ddca0,224.84,BUS
8d5e4aed-59fb-47c9-8559-5bf11b7ddca0,5f6cb902-b824-4961-9ac2-75cf44a47055,192.53,BUS
5f6cb902-b824-4961-9ac2-75cf44a47055,55e3f615-be6c-43f4-9858-e199862771a4,192.53,BUS
55e3f615-be6c-43f4-9858-e199862771a4,87415b6b-7e7f-4b82-b78f-ef1a7db85282,187.91,BUS
4d57f6bd-7ba7-4f07-8aa1-ecac0b09e8db,0334e79e-7a89-44e9-a463-5af813e64a40,298.29,BUS
0334e79e-7a89-44e9-a463-5af813e64a40,70bba1e8-3ea8-46fe-ace3-f75b04e37605,406.29,BUS
70bba1e8-3ea8-46fe-ace3-f75b04e37605,a41f5786-6b70-4224-bcde-e6fbaac4c21b,304.29,BUS
a41f5786-6b70-4224-bcde-e6fbaac4c21b,78ef8af0-fd16-46b8-a5de-8d24b99638c8,250.29,BUS
78ef8af0-fd16-46b8-a5de-8d24b99638c8,eefb30b4-8049-4128-89f5-bb359b1c93b0,274.29,BUS
eefb30b4-8049-4128-89f5-bb359b1c93b0,2c46416a-d66e-469c-a342-898a93f5b2f0,256.29,BUS
2c46416a-d66e-469c-a342-898a93f5b2f0,45e88013-1a7e-44a0-ab1f-bc0db6c6746f,340.29,BUS
45e88013-1a7e-44a0-ab1f-bc0db6c6746f,0fb83496-463c-4123-97c6-669efe614d26,214.29,BUS
0fb83496-463c-4123-97c6-669efe614d26,cecad767-51e5-4683-bf56-e6e342f8d1e0,238.29,BUS
cecad767-51e5-4683-bf56-e6e342f8d1e0,97d3e896-2af7-40f9-bfbf-59cf3fcbf93a,274.29,BUS
97d3e896-2af7-40f9-bfbf-59cf3fcbf93a,e0f10330-ad34-453d-baf4-d6c601cb6cf8,220.29,BUS
e0f10330-ad34-453d-baf4-d6c601cb6cf8,2628ca4f-8797-4672-aca9-47b325c58aac,268.29,BUS
2628ca4f-8797-4672-aca9-47b325c58aac,2f18bcfa-6189-4de4-b06f-132d3392e7d6,271.84,BUS
2f18bcfa-6189-4de4-b06f-132d3392e7d6,da834a23-5697-49bb-b3a1-7f277c8206bc,434.69,BUS
da834a23-5697-49bb-b3a1-7f277c8206bc,16ae0a39-ff9a-4aee-88b5-34502255fab4,383.27,BUS
16ae0a39-ff9a-4aee-88b5-34502255fab4,390d166c-b2fe-486c-bba5-38cd1ff64f48,357.55,BUS
390d166c-b2fe-486c-bba5-38cd1ff64f48,9a14b0ec-f13a-46f0-8c4f-07d8b99241e2,307.14,BUS
f9d70942-e517-4560-8655-99481edd2b95,21764d19-62cc-49fd-bac9-403aeac6a6b9,93.54,BUS
0be53afd-2427-49b2-b70c-2ee3d89e9762,6340ea93-391e-45b9-94b0-56d1d7c87e20,156.43,BUS
6340ea93-391e-45b9-94b0-56d1d7c87e20,d6ae97e7-23b5-48d6-a9fa-2a2624e9f434,190.18,BUS
d6ae97e7-23b5-48d6-a9fa-2a2624e9f434,39b60288-c9ac-4bc2-825b-524dec52182d,182.68,BUS
39b60288-c9ac-4bc2-825b-524dec52182d,83a62071-0161-47a2-b745-eafb5e945632,186.43,BUS
83a62071-0161-47a2-b745-eafb5e945632,a999f83e-4e6a-4ef9-9a10-e4a2c8a4a182,133.93,BUS
a999f83e-4e6a-4ef9-9a10-e4a2c8a4a182,124ec397-421b-4737-bf71-09c9b1665a10,201.43,BUS
124ec397-421b-4737-bf71-09c9b1665a10,0dc86a8f-0f41-44c7-978c-e06cb63cbbcf,286.86,BUS
35aedf45-cca3-4f2f-931b-138d29d20fe9,410b424b-5f4d-4137-bc20-7d1f328540a3,274.86,BUS
410b424b-5f4d-4137-bc20-7d1f328540a3,9e90940e-cf99-4112-87ec-7cbb6331509a,178.86,BUS
9e90940e-cf99-4112-87ec-7cbb6331509a,9f6048f0-5c5e-4773-915e-4ee05d200e27,178.86,BUS
9f6048f0-5c5e-4773-915e-4ee05d200e27,8b5f91a6-23b7-4786-96f9-a80c6d668e18,166.86,BUS
8b5f91a6-23b7-4786-96f9-a80c6d668e18,4b847ac2-4c41-4fc1-a497-9ce4deaab8b1,174.86,BUS
4b847ac2-4c41-4fc1-a497-9ce4deaab8b1,ba0f81e5-dfec-49bb-8d6b-d52618338640,178.86,BUS
ba0f81e5-dfec-49bb-8d6b-d52618338640,2896bfa8-0586-4ed1-8d93-c5c6e1ff3d72,178.86,BUS
2896bfa8-0586-4ed1-8d93-c5c6e1ff3d72,52407970-4547-4323-a632-8db4ed0b040f,182.86,BUS
52407970-4547-4323-a632-8db4ed0b040f,3fbf6322-fb74-4a50-a81a-bfca73abc26b,158.86,BUS
3fbf6322-fb74-4a50-a81a-bfca73abc26b,c0ff37c8-ac6c-4284-ad32-0ad29fd30dc2,170.86,BUS
8589e5d1-21b4-4210-ad7a-4bf91f9a715d,d123fde4-aa91-49c3-83df-5ebf12af4e59,253.93,BUS
d123fde4-aa91-49c3-83df-5ebf12af4e59,1b3dce90-170f-4176-b47b-2b50b9407e82,163.93,BUS
1b3dce90-170f-4176-b47b-2b50b9407e82,595ee2ab-3022-469d-a3e1-0c87d7dfb14d,163.93,BUS
e468b92f-fa4a-4819-bb11-37761deaf4ca,2f18bcfa-6189-4de4-b06f-132d3392e7d6,156.62,BUS
2f18bcfa-6189-4de4-b06f-132d3392e7d6,a2947722-2e6f-48dd-9c31-ff36356676fa,194.81,BUS
a2947722-2e6f-48dd-9c31-ff36356676fa,ed50f692-09f9-409e-b7d6-05ff7711de6b,167.53,BUS
ed50f692-09f9-409e-b7d6-05ff7711de6b,8a182298-1db3-4251-9cdb-a86efe72b8a7,183.9,BUS
8a182298-1db3-4251-9cdb-a86efe72b8a7,15bb8af1-183e-4ec8-81f7-1fc6e81beb30,412.99,BUS
15bb8af1-183e-4ec8-81f7-1fc6e81beb30,0b90d258-764d-4c06-aab0-7074dbd54182,162.08,BUS
0b90d258-764d-4c06-aab0-7074dbd54182,36c7bbd0-50d7-4b5d-b9b3-9dadd37ac50b,189.35,BUS
36c7bbd0-50d7-4b5d-b9b3-9dadd37ac50b,ad8a76cf-4386-44b3-9156-490c502e4bc4,265.71,BUS
ad8a76cf-4386-44b3-9156-490c502e4bc4,eb8e8d9a-a3d5-4ec1-9356-26e0e41912d1,200.26,BUS
eb8e8d9a-a3d5-4ec1-9356-26e0e41912d1,277bc73c-e61d-4046-bcfd-31d6161c568e,183.9,BUS
277bc73c-e61d-4046-bcfd-31d6161c568e,45754ca7-bffd-4bcf-96df-952e59574dde,227.53,BUS
45754ca7-bffd-4bcf-96df-952e59574dde,60edf514-fd83-400b-b86f-881f7eff258b,178.44,BUS
60edf514-fd83-400b-b86f-881f7eff258b,68075aa0-144c-4f6e-93ef-e93dfc35df78,172.99,BUS
68075aa0-144c-4f6e-93ef-e93dfc35df78,156a6f62-9a67-4cf0-ad56-85a343c77cd2,216.62,BUS
156a6f62-9a67-4cf0-ad56-85a343c77cd2,1f207e67-adf9-4da6-b107-3b58051d9990,211.17,BUS
1f207e67-adf9-4da6-b107-3b58051d9990,5560d06d-4058-473e-abba-099b05d7cf07,211.17,BUS
5560d06d-4058-473e-abba-099b05d7cf07,c3188d8e-c2d3-40e5-acc2-14bef70a5ff4,189.35,BUS
c3188d8e-c2d3-40e5-acc2-14bef70a5ff4,6d2a7c2e-5938-433e-a691-b9bc28767675,200.26,BUS
6d2a7c2e-5938-433e-a691-b9bc28767675,a7094427-e180-4deb-acaf-5d4488326e9e,222.08,BUS
1308dcf9-a9e1-4e54-95c9-0f2afaac889b,c87db9be-1fba-4102-a743-0ee4317dd5af,254.13,BUS
595ee2ab-3022-469d-a3e1-0c87d7dfb14d,f5dc05ab-b5cf-4f25-a85b-f346876311cb,162.86,BUS
f5dc05ab-b5cf-4f25-a85b-f346876311cb,d5d15a80-243b-49d7-a616-b3c3fb39e8af,162.86,BUS
d5d15a80-243b-49d7-a616-b3c3fb39e8af,fb7704f0-d31e-4561-83e4-621a8c62654b,330.86,BUS
390d166c-b2fe-486c-bba5-38cd1ff64f48,80c65758-5f25-4003-8d55-10ff96fe8310,1842.86,BUS
e65047c0-c01e-4727-b466-78e107c81ee4,c87db9be-1fba-4102-a743-0ee4317dd5af,174.49,BUS
717dda7e-d793-4697-8f60-b64ee8b1edc4,58db973d-ecbb-4aa6-a56c-c26aaff7f263,264.49,BUS
786a15d4-dd6b-42bb-a5c9-6ce994b5be9e,2beb7011-982a-4349-be22-addf1c3bdec7,368.57,BUS
2beb7011-982a-4349-be22-addf1c3bdec7,144ab380-6586-43ce-b216-2e66362b6eca,368.57,BUS
144ab380-6586-43ce-b216-2e66362b6eca,98b60d07-8054-441a-be44-be7aa24f4253,392.57,BUS
95732ece-1658-4e11-9b5f-b6ae5552e638,995cbd67-507b-4c32-b794-0ff48e0a3de9,368.57,BUS
9a480b5e-0283-4130-a5e2-9d5e996caa4f,300f1367-4ba4-4416-90e4-caa8f33e9144,166.79,BUS
995cbd67-507b-4c32-b794-0ff48e0a3de9,8eeea585-6168-45b8-a5d4-336e61826043,368.57,BUS
6a774daa-3547-4128-b304-aa2d17d4391a,18d010ca-0244-4928-82cb-47af0836a1bb,428.57,BUS
18d010ca-0244-4928-82cb-47af0836a1bb,e9382efd-d64d-46b0-9a7d-a4e6a0188725,428.57,BUS
300f1367-4ba4-4416-90e4-caa8f33e9144,ac3afe7d-a2b3-4d5d-9e6a-1d2412a3bc70,127.08,BUS
58db973d-ecbb-4aa6-a56c-c26aaff7f263,7484317c-269f-425f-8118-23eedab4e5f1,238.78,BUS
7eb88e01-82e9-4af4-84d0-69c6ea9dc82c,e65047c0-c01e-4727-b466-78e107c81ee4,200.2,BUS
6edebb46-d04f-45c4-99a4-100f7f0b2660,1035c6f7-304e-4329-a3b2-4eb5d985a577,334.29,BUS
1035c6f7-304e-4329-a3b2-4eb5d985a577,91fb6c6e-49cf-49d3-97d4-6ae228f9bfa1,314.69,BUS
2265e4de-a537-4f97-882b-c94c24aabfb0,4e8ccfa1-b58c-4ee1-ad82-2e8a645071f3,237.55,BUS
e468b92f-fa4a-4819-bb11-37761deaf4ca,12304b99-9a07-485a-a101-eaca90495d48,415.71,BUS
2628ca4f-8797-4672-aca9-47b325c58aac,e468b92f-fa4a-4819-bb11-37761deaf4ca,554.29,BUS
1035c6f7-304e-4329-a3b2-4eb5d985a577,1b0f629f-acdb-4e94-8c54-018f4334ebf7,694.29,BUS
2cde6efe-5f53-44aa-8018-76f0ea2c86f8,9746f277-af08-4cce-92fa-41da5eca8ac2,1662.86,BUS
e65047c0-c01e-4727-b466-78e107c81ee4,58db973d-ecbb-4aa6-a56c-c26aaff7f263,2082.86,BUS
a2f479c6-4c21-4923-b4ac-86f752507cee,ef4a63e8-d956-4f09-80bd-8e4699418652,951.43,BUS
ef4a63e8-d956-4f09-80bd-8e4699418652,f414efd9-d697-4bbe-abb6-c9e09fd73514,891.43,BUS
f414efd9-d697-4bbe-abb6-c9e09fd73514,5e732249-14ec-4efe-bae1-7f9ca722f7ae,891.43,BUS
5e732249-14ec-4efe-bae1-7f9ca722f7ae,d4fd9934-5253-4ab8-a779-3e9e2a30c5b7,891.43,BUS
d4fd9934-5253-4ab8-a779-3e9e2a30c5b7,eb11d52f-300b-4648-a2e8-ed03db9ff7e2,831.43,BUS
eb11d52f-300b-4648-a2e8-ed03db9ff7e2,1c8efa00-4587-4efc-a10d-794e9d885857,1011.43,BUS
1c8efa00-4587-4efc-a10d-794e9d885857,acd87210-4e04-49b4-884b-1fe11c453bf4,891.43,BUS
acd87210-4e04-49b4-884b-1fe11c453bf4,7d1d9e60-8a7d-4e50-86e5-f3a42a99d837,831.43,BUS
7d1d9e60-8a7d-4e50-86e5-f3a42a99d837,49f28358-bfda-458e-a4b3-a45f602765c1,891.43,BUS
49f28358-bfda-458e-a4b3-a45f602765c1,1eca3479-6e2c-4f21-bf45-4db410041181,1071.43,BUS
1eca3479-6e2c-4f21-bf45-4db410041181,4c08e174-6890-4c5d-9eec-15686971f909,1191.43,BUS
4c08e174-6890-4c5d-9eec-15686971f909,ab624858-605d-48c6-a660-d54c2e037a91,831.43,BUS
ab624858-605d-48c6-a660-d54c2e037a91,ccccee29-6fc7-4a86-b492-7f36a8e817db,891.43,BUS
ccccee29-6fc7-4a86-b492-7f36a8e817db,5b2cb528-ba33-461a-aee5-54e2ed8c3758,831.43,BUS
5b2cb528-ba33-461a-aee5-54e2ed8c3758,b698a890-05b8-40f6-a3a6-4f4c0a820f97,831.43,BUS
b698a890-05b8-40f6-a3a6-4f4c0a820f97,a2f479c6-4c21-4923-b4ac-86f752507cee,831.43,BUS
e74131c6-ac2f-477b-9693-10bb5ab9f24b,7d628170-e2eb-47fd-9d3e-658acf78d7d3,814.29,BUS
7d628170-e2eb-47fd-9d3e-658acf78d7d3,c8f784f8-ce92-4773-8d90-c6bed3513ce0,634.29,BUS
c8f784f8-ce92-4773-8d90-c6bed3513ce0,d8ff7b2c-baf6-4a1a-97c5-0871b823caab,574.29,BUS
d8ff7b2c-baf6-4a1a-97c5-0871b823caab,46a50a09-9bae-460b-a7b6-457d288c5a9f,574.29,BUS
46a50a09-9bae-460b-a7b6-457d288c5a9f,95be8f74-3ed5-4cf1-aabc-b1c0027ea628,574.29,BUS
95be8f74-3ed5-4cf1-aabc-b1c0027ea628,ff74fc01-faf6-4a78-a782-d8365538e7de,574.29,BUS
ff74fc01-faf6-4a78-a782-d8365538e7de,d2e3d9f5-0203-49a4-8ea1-455e2434a347,694.29,BUS
d2e3d9f5-0203-49a4-8ea1-455e2434a347,6cc5af3b-67ea-47f3-9e8a-10946c32b906,694.29,BUS
6cc5af3b-67ea-47f3-9e8a-10946c32b906,06e4802d-2c96-4556-bd95-35e0a2bb030c,654.29,BUS
06e4802d-2c96-4556-bd95-35e0a2bb030c,a7177a3d-8db2-43fb-8910-f95857f0ed97,654.29,BUS
2388ce1f-c947-42d7-97f3-e01a7254c933,42bcfbad-96b8-4ce2-96f3-07694e1bcfe2,634.29,BUS
42bcfbad-96b8-4ce2-96f3-07694e1bcfe2,a6fde748-bb91-465c-8665-20cbaed7df19,694.29,BUS
a6fde748-bb91-465c-8665-20cbaed7df19,cf5259af-d324-497e-b508-84fe92961eb1,814.29,BUS
cf5259af-d324-497e-b508-84fe92961eb1,7c390857-8fc7-49b5-9c9d-e5535d360148,814.29,BUS
7c390857-8fc7-49b5-9c9d-e5535d360148,1e2641bc-b0b2-448e-8ad2-e52891fa4c5f,574.29,BUS
1e2641bc-b0b2-448e-8ad2-e52891fa4c5f,dba19980-8ca1-4847-b9b5-8cd419374ae2,574.29,BUS
dba19980-8ca1-4847-b9b5-8cd419374ae2,ca575a45-9c95-4348-9245-8c75f70130b3,574.29,BUS
ca575a45-9c95-4348-9245-8c75f70130b3,7411cd45-83d2-40e6-89f6-5a0995e409cb,574.29,BUS
7411cd45-83d2-40e6-89f6-5a0995e409cb,e74131c6-ac2f-477b-9693-10bb5ab9f24b,574.29,BUS
e74131c6-ac2f-477b-9693-10bb5ab9f24b,108e7dc8-ca5d-4c91-9414-32a32a31b69a,891.43,BUS
108e7dc8-ca5d-4c91-9414-32a32a31b69a,b2dd1684-0848-40f7-b10e-8f74bb005f2f,891.43,BUS
b2dd1684-0848-40f7-b10e-8f74bb005f2f,0b9c5011-4f2d-4753-914f-500532b0dbeb,891.43,BUS
0b9c5011-4f2d-4753-914f-500532b0dbeb,912792ae-7f7e-4295-8064-38ea96a5dc4a,891.43,BUS
912792ae-7f7e-4295-8064-38ea96a5dc4a,e90a68ac-02be-418f-8937-b9f1906274f2,831.43,BUS
e90a68ac-02be-418f-8937-b9f1906274f2,a8a92762-af25-42a7-98dd-9846f8b33e09,1011.43,BUS
a8a92762-af25-42a7-98dd-9846f8b33e09,52c437c8-73ae-4db5-ac31-8e7cf5104826,951.43,BUS
52c437c8-73ae-4db5-ac31-8e7cf5104826,cd2cdf5f-a758-494c-8b1f-2de4ac913723,891.43,BUS
cd2cdf5f-a758-494c-8b1f-2de4ac913723,6672b8cb-e56d-420a-a5e7-fc86e8aa3647,891.43,BUS
6672b8cb-e56d-420a-a5e7-fc86e8aa3647,eba0daca-3696-4f72-a1dd-5f7b5fd02a63,831.43,BUS
eba0daca-3696-4f72-a1dd-5f7b5fd02a63,02e96186-e90a-4171-8869-082486f7da1d,831.43,BUS
02e96186-e90a-4171-8869-082486f7da1d,d07152fd-014c-481b-a5f2-8949066499e8,891.43,BUS
d07152fd-014c-481b-a5f2-8949066499e8,a2f479c6-4c21-4923-b4ac-86f752507cee,831.43,BUS
6efecef0-52ba-4a47-9991-9bab5ce31340,c87db9be-1fba-4102-a743-0ee4317dd5af,1131.43,BUS
727cab27-5e8e-4c5e-ba27-449822a45ee7,fb7704f0-d31e-4561-83e4-621a8c62654b,565.71,BUS
